case	family	hex	mark	strokes	admissible	components	enum	groupEnum	groupFill	groupBox%	heightCV	pop%
artofficial.jpg	family-1540	#04002a	0.000	24	388	8168	0.003	0.062	0.5179	100.00	1.489	18.1344
artofficial.jpg	family-10344	#fded9f	0.001	24	224	3349	0.007	0.107	0.2965	54.70	1.443	7.5183
artofficial.jpg	family-3746	#35325d	0.000	24	88	4270	0.006	0.273	0.1088	98.01	1.393	5.3136
artofficial.jpg	family-9043	#f0bb37	0.000	24	291	11189	0.002	0.082	0.1613	100.00	1.210	8.2809
artofficial.jpg	family-9884	#f5e50c	0.002	24	240	3686	0.007	0.100	0.1058	76.07	1.068	3.7949
artofficial.jpg	family-3285	#1d313a	0.000	24	163	17840	0.001	0.147	0.0361	92.99	0.731	4.2216
artofficial.jpg	family-2423	#161439	0.000	24	225	17587	0.001	0.107	0.0427	97.32	0.713	4.8331
artofficial.jpg	family-7257	#a09440	0.000	21	45	22566	0.001	0.467	0.0055	70.11	0.477	3.8010
artofficial.jpg	family-8140	#c0ac33	0.000	24	63	19064	0.001	0.381	0.0068	89.32	0.489	3.1709
artofficial.jpg	family-5933	#717246	0.000	23	71	22592	0.001	0.324	0.0061	89.03	0.322	4.0956
artofficial.jpg	family-4609	#455143	0.000	23	51	16182	0.001	0.451	0.0063	79.86	0.460	2.7252
artofficial.jpg	family-1101	#09000f	0.000	21	48	2470	0.009	0.438	0.0063	61.70	0.350	0.7432
artofficial.jpg	family-4146	#0f4c4d	0.000	24	89	12033	0.002	0.270	0.0200	61.44	0.661	2.5363
artofficial.jpg	family-5450	#1a7643	0.000	24	106	9365	0.003	0.226	0.0248	98.40	1.176	2.2792
artofficial.jpg	family-5028	#0f6469	0.001	24	58	4442	0.005	0.414	0.0117	88.08	0.779	1.2054
artofficial.jpg	family-6815	#878a5d	0.000	5	6	14247	0.000	0.833	0.0026	36.94	0.807	2.0080
artofficial.jpg	family-7655	#5eb370	0.003	24	109	3822	0.006	0.220	0.0472	95.30	1.121	2.1030
artofficial.jpg	family-9021	#d2c674	0.000	21	47	8862	0.002	0.447	0.0065	47.61	0.758	1.8110
artofficial.jpg	family-5889	#027e80	0.004	24	75	2306	0.010	0.320	0.0251	62.67	0.750	1.1009
artofficial.jpg	family-6900	#d95733	0.008	24	45	1684	0.014	0.533	0.0190	77.69	0.920	0.9851
artofficial.jpg	family-6858	#b87435	0.000	24	76	8991	0.003	0.316	0.0151	75.46	0.505	2.0948
artofficial.jpg	family-6753	#29a14a	0.002	24	58	3591	0.007	0.414	0.0180	96.53	0.820	1.2542
artofficial.jpg	family-6332	#448c4c	0.000	23	45	7280	0.003	0.511	0.0059	83.55	0.481	1.4140
artofficial.jpg	family-8182	#ea9538	0.004	24	65	3033	0.008	0.369	0.0602	43.41	0.852	1.5071
artofficial.jpg	family-5555	#9d4434	0.001	24	47	6811	0.004	0.511	0.0231	49.18	0.916	1.6519
artofficial.jpg	family-4210	#603435	0.000	22	37	8270	0.003	0.595	0.0052	92.44	0.583	1.5205
artofficial.jpg	family-9039	#c7c1cd	0.044	20	21	396	0.051	0.952	0.0291	57.13	0.764	0.7439
artofficial.jpg	family-5510	#5d5f85	0.002	23	30	2083	0.011	0.767	0.0302	70.78	1.227	0.8141
artofficial.jpg	family-8098	#91bb3f	0.008	24	42	1154	0.021	0.571	0.0071	70.88	0.518	0.4343
artofficial.jpg	family-9001	#c9cb3c	0.000	6	6	3197	0.002	1.000	0.0016	29.64	0.495	0.4662
artofficial.jpg	family-5072	#6d5338	0.000	5	5	7807	0.001	1.000	0.0024	18.80	0.283	0.9888
artofficial.jpg	family-8115	#7bb8b9	0.056	24	26	332	0.072	0.923	0.0237	52.65	0.702	0.5284
artofficial.jpg	family-2886	#39162a	0.000	14	19	3906	0.004	0.737	0.0111	17.72	0.554	0.7580
artofficial.jpg	family-8138	#aeae7c	0.000	4	4	4609	0.001	1.000	0.0036	5.21	0.883	0.7564
artofficial.jpg	family-6771	#219799	0.004	24	40	1706	0.014	0.600	0.0163	39.47	0.589	0.4934
artofficial.jpg	family-4673	#7e312b	0.000	6	6	3027	0.002	1.000	0.0055	17.48	0.266	0.4427
artofficial.jpg	family-8157	#b0aab8	0.003	15	18	981	0.015	0.833	0.1375	1.40	0.249	0.2593
artofficial.jpg	family-4628	#4c486d	0.000	10	11	2085	0.005	0.909	0.0021	72.14	0.682	0.3663
artofficial.jpg	family-2004	#21051e	0.000	3	4	1904	0.002	0.750	0.0344	1.92	0.347	0.2789
artofficial.jpg	family-7275	#978ea1	0.001	9	9	1229	0.007	1.000	0.0012	50.18	0.374	0.2428
artofficial.jpg	family-6393	#7e768b	0.001	10	10	1924	0.005	1.000	0.0065	44.17	0.744	0.3863
artofficial.jpg	family-5091	#74485f	0.004	14	14	930	0.015	1.000	0.0232	5.01	0.379	0.1867
artofficial.jpg	family-6478	#c94777	0.018	4	4	77	0.052	1.000	0.3329	0.50	0.535	0.0898
artofficial.jpg	family-5974	#945e5c	0.000	3	3	523	0.006	1.000	0.1646	0.06	0.103	0.0935
artofficial.jpg	family-7781	#ed7574	0.025	8	8	152	0.053	1.000	0.0067	15.34	0.466	0.0682
artofficial.jpg	family-10363	#fae8d4	0.004	3	3	73	0.041	1.000	0.8062	0.06	0.535	0.0441
birdsofprey.jpg	family-6753	#31a329	0.000	5	6	92	0.054	0.833	0.9786	9.54	1.962	5.9035
birdsofprey.jpg	family-9481	#dfcdc9	0.001	24	159	5542	0.004	0.151	0.2907	71.97	1.330	9.1810
birdsofprey.jpg	family-660	#030102	0.012	20	27	1601	0.012	0.741	0.1222	73.71	0.952	6.5383
birdsofprey.jpg	family-6921	#eb3821	0.000	12	14	593	0.020	0.857	0.2281	48.19	1.736	6.3728
birdsofprey.jpg	family-3723	#132f78	0.000	11	15	396	0.028	0.733	0.1315	56.94	2.164	3.4383
birdsofprey.jpg	family-7634	#21b871	0.000	4	6	107	0.037	0.667	0.6416	9.44	0.889	2.2778
birdsofprey.jpg	family-7783	#fb6c1d	0.001	11	13	410	0.027	0.846	0.1887	29.61	1.600	3.3926
birdsofprey.jpg	family-8599	#cbb2ad	0.001	24	158	7250	0.003	0.152	0.1956	69.33	1.183	4.7097
birdsofprey.jpg	family-5047	#245894	0.001	14	15	640	0.022	0.933	0.1575	36.19	2.248	2.2833
birdsofprey.jpg	family-8074	#2bc69e	0.002	19	21	387	0.049	0.905	0.2850	29.28	1.292	3.3659
birdsofprey.jpg	family-7298	#bd8264	0.001	24	58	4574	0.005	0.414	0.1699	53.84	1.972	2.3145
birdsofprey.jpg	family-8159	#c4a680	0.001	23	88	5603	0.004	0.261	0.0389	45.31	0.769	1.6991
birdsofprey.jpg	family-6858	#bb732b	0.002	17	18	1648	0.010	0.944	0.0613	48.49	0.912	1.5630
birdsofprey.jpg	family-6498	#d02981	0.026	15	16	167	0.090	0.938	0.1475	34.53	1.121	1.9594
birdsofprey.jpg	family-5908	#2276a5	0.041	13	13	221	0.059	1.000	0.6333	4.13	1.572	1.1149
birdsofprey.jpg	family-7657	#80af2d	0.007	6	8	92	0.065	0.750	0.5420	10.76	1.395	1.5766
birdsofprey.jpg	family-7738	#bf928f	0.003	24	73	3827	0.006	0.329	0.1818	27.43	0.962	1.7812
birdsofprey.jpg	family-9440	#bcddb0	0.017	24	43	997	0.024	0.558	0.1508	28.06	1.081	1.4465
birdsofprey.jpg	family-8182	#ea942d	0.002	12	13	378	0.032	0.923	0.0815	40.65	1.717	1.1293
birdsofprey.jpg	family-8241	#fc74b6	0.001	10	11	441	0.023	0.909	0.0441	35.11	1.447	0.7280
birdsofprey.jpg	family-1984	#1b0e08	0.002	24	49	3362	0.007	0.490	0.0166	55.74	0.645	0.9823
birdsofprey.jpg	family-1522	#040b03	0.001	23	39	3103	0.007	0.590	0.0091	53.97	1.011	0.8291
birdsofprey.jpg	family-5975	#975e43	0.003	24	65	3629	0.007	0.369	0.1013	40.34	1.121	1.8452
birdsofprey.jpg	family-2866	#301f18	0.002	24	49	3501	0.007	0.490	0.0206	42.29	0.491	0.9715
birdsofprey.jpg	family-7699	#b3a027	0.001	10	11	511	0.020	0.909	0.0593	57.59	1.690	0.8536
birdsofprey.jpg	family-8537	#87cb8e	0.010	22	39	1261	0.017	0.564	0.0731	28.22	1.060	0.8821
birdsofprey.jpg	family-3748	#44332b	0.001	23	37	4807	0.005	0.622	0.0237	28.62	0.481	1.0387
birdsofprey.jpg	family-10363	#f4e7de	0.002	24	68	2505	0.010	0.353	0.0368	30.45	0.595	0.9927
birdsofprey.jpg	family-7652	#23b2c2	0.033	4	5	37	0.108	0.800	0.2742	4.50	1.116	0.7081
birdsofprey.jpg	family-7696	#97a395	0.003	23	43	2592	0.009	0.535	0.0281	31.88	0.714	0.8522
birdsofprey.jpg	family-9062	#f0b597	0.013	24	30	944	0.025	0.800	0.0242	53.65	0.665	0.5214
birdsofprey.jpg	family-9081	#f5abd0	0.002	13	19	821	0.016	0.684	0.0351	42.69	1.357	0.3999
birdsofprey.jpg	family-6835	#968277	0.000	7	7	3865	0.002	1.000	0.0042	11.57	0.443	0.6296
birdsofprey.jpg	family-5071	#65544c	0.000	13	21	5808	0.002	0.619	0.0314	46.14	1.044	1.0912
birdsofprey.jpg	family-6395	#93754f	0.000	10	10	2479	0.004	1.000	0.0078	7.37	0.290	0.4678
birdsofprey.jpg	family-7359	#e4549a	0.003	13	14	551	0.024	0.929	0.4099	4.59	1.291	0.7367
birdsofprey.jpg	family-4652	#703e23	0.001	21	45	2859	0.007	0.467	0.0394	33.74	0.877	0.8730
birdsofprey.jpg	family-6018	#bc3c1f	0.014	22	35	908	0.024	0.629	0.0468	32.22	0.884	0.7386
birdsofprey.jpg	family-4694	#8e171b	0.023	23	28	657	0.035	0.821	0.0365	28.32	0.637	0.4841
birdsofprey.jpg	family-8976	#61d9cf	0.016	8	9	94	0.085	0.889	0.8121	1.96	1.365	0.3345
birdsofprey.jpg	family-7256	#989467	0.007	19	24	1000	0.019	0.792	0.0388	19.55	0.676	0.3776
birdsofprey.jpg	family-9018	#b6c7ce	0.004	7	7	513	0.014	1.000	0.0274	6.40	1.227	0.1634
birdsofprey.jpg	family-2403	#111c22	0.001	14	18	1816	0.008	0.778	0.0068	28.15	1.322	0.4227
birdsofprey.jpg	family-3329	#4c1f0a	0.001	15	16	1325	0.011	0.938	0.0051	25.26	0.313	0.3304
birdsofprey.jpg	family-8222	#fb7e7c	0.002	6	7	371	0.016	0.857	0.0327	17.42	0.743	0.3026
birdsofprey.jpg	family-7361	#ee5361	0.020	11	11	307	0.036	1.000	0.0228	17.09	0.531	0.2072
birdsofprey.jpg	family-7676	#85ab78	0.004	19	28	1007	0.019	0.679	0.0224	28.93	0.853	0.3947
birdsofprey.jpg	family-3791	#680e0e	0.004	12	13	746	0.016	0.923	0.0126	14.58	0.455	0.2562
birdsofprey.jpg	family-4607	#304d6f	0.001	7	7	829	0.008	1.000	0.0014	29.57	1.478	0.1667
birdsofprey.jpg	family-7758	#ce84a7	0.001	12	14	988	0.012	0.857	0.0708	7.52	1.021	0.3820
birdsofprey.jpg	family-6773	#4e9960	0.006	21	30	892	0.024	0.700	0.0126	35.51	1.340	0.3861
birdsofprey.jpg	family-2447	#350a00	0.003	8	8	616	0.013	1.000	0.0378	6.67	0.506	0.1855
birdsofprey.jpg	family-5115	#94380f	0.004	9	9	684	0.013	1.000	0.0334	6.48	0.517	0.2070
birdsofprey.jpg	family-8580	#c5b971	0.001	4	4	454	0.009	1.000	0.0266	7.71	0.808	0.1405
birdsofprey.jpg	family-220	#000000	0.000	3	3	357	0.008	1.000	0.1156	0.10	0.354	0.0737
birdsofprey.jpg	family-5489	#446586	0.001	9	9	951	0.009	1.000	0.0022	26.84	1.141	0.1999
birdsofprey.jpg	family-8642	#f99b81	0.002	12	12	743	0.016	1.000	0.0085	16.82	0.426	0.1872
birdsofprey.jpg	family-7694	#83a2c1	0.013	9	9	347	0.026	1.000	0.0935	5.26	0.720	0.1760
birdsofprey.jpg	family-5911	#4a7b65	0.006	14	14	677	0.021	1.000	0.0035	25.30	0.878	0.1872
birdsofprey.jpg	family-2843	#102341	0.000	3	3	562	0.005	1.000	0.0139	0.76	0.298	0.1337
birdsofprey.jpg	family-4610	#514f26	0.002	6	6	560	0.011	1.000	0.0048	6.78	0.727	0.1208
birdsofprey.jpg	family-3725	#1f3857	0.000	3	3	383	0.008	1.000	0.0358	0.46	0.852	0.0722
birdsofprey.jpg	family-4626	#3b4292	0.012	13	13	333	0.039	1.000	0.0818	1.38	0.351	0.1213
birdsofprey.jpg	family-7761	#e37f5d	0.006	12	12	470	0.026	1.000	0.0081	16.68	0.548	0.1392
birdsofprey.jpg	family-9022	#dec34e	0.013	8	8	202	0.040	1.000	0.0020	37.90	0.497	0.0747
birdsofprey.jpg	family-5450	#2f743e	0.002	5	5	351	0.014	1.000	0.0013	22.87	0.807	0.0832
birdsofprey.jpg	family-8639	#e09ad9	0.007	6	6	238	0.025	1.000	0.1316	0.60	0.245	0.0777
birdsofprey.jpg	family-2824	#092b1a	0.008	11	11	321	0.034	1.000	0.0017	18.68	0.803	0.0852
birdsofprey.jpg	family-5029	#3c624d	0.000	3	3	379	0.008	1.000	0.0157	0.77	0.832	0.0738
birdsofprey.jpg	family-6877	#bd6c75	0.000	3	3	529	0.006	1.000	0.0053	6.76	0.516	0.0901
birdsofprey.jpg	family-8118	#9fb65e	0.047	6	6	70	0.086	1.000	0.0170	9.13	0.570	0.0627
birdsofprey.jpg	family-8556	#85c3ce	0.047	5	5	52	0.096	1.000	0.0214	6.32	0.533	0.0644
birdsofprey.jpg	family-5134	#972a47	0.000	3	3	347	0.009	1.000	0.8375	0.06	0.268	0.0735
birdsofprey.jpg	family-6479	#d23747	0.007	5	5	150	0.033	1.000	0.2842	0.11	0.272	0.0424
birdsofprey.jpg	family-3706	#17412b	0.003	7	7	454	0.015	1.000	0.0019	19.34	0.739	0.0963
birdsofprey.jpg	family-4252	#781436	0.003	4	4	207	0.019	1.000	0.0338	3.32	0.456	0.0687
birdsofprey.jpg	family-9483	#f7c884	0.002	4	4	209	0.019	1.000	0.0280	1.24	0.386	0.0503
black.jpg	family-220	#000000	0.000	24	52	1564	0.015	0.462	1.0000	100.00	4.009	83.6179
black.jpg	family-1102	#030303	0.038	24	56	338	0.071	0.429	0.4045	98.14	1.326	7.8483
black.jpg	family-5071	#575757	0.000	24	35	184	0.130	0.686	0.2196	89.51	1.979	4.4121
black.jpg	family-4189	#424242	0.004	24	69	2167	0.011	0.348	0.0265	84.22	0.829	1.5811
black.jpg	family-3307	#2e2e2e	0.003	24	59	2372	0.010	0.407	0.0132	90.80	0.790	1.1456
black.jpg	family-1984	#111111	0.002	23	70	2483	0.009	0.329	0.0112	89.98	0.858	1.1739
black.jpg	family-5953	#6e6e6e	0.064	10	10	86	0.116	1.000	0.0272	24.59	0.728	0.2210
disney.avif	family-7231	#2199d6	0.000	7	8	19	0.368	0.875	1.0000	24.90	2.059	23.3659
disney.avif	family-6497	#c72690	0.002	12	14	57	0.211	0.857	1.0000	25.10	1.802	22.6749
disney.avif	family-8203	#f68121	0.002	10	11	47	0.213	0.909	1.0000	24.90	2.066	23.1258
disney.avif	family-10783	#fbfdfa	0.925	15	15	15	1.000	1.000	0.4144	13.38	0.407	2.2414
disney.avif	family-5595	#ab1e6d	0.081	8	9	37	0.216	0.889	1.0000	10.15	1.316	1.1822
disney.avif	family-6917	#cf4c9c	0.002	4	5	88	0.045	0.800	0.7575	7.73	1.327	0.3725
disney.avif	family-8534	#57c8e8	0.013	6	7	159	0.038	0.857	0.4743	15.86	0.975	0.5084
disney.avif	family-8623	#faa028	0.077	16	16	140	0.114	1.000	0.1270	9.79	1.036	0.4432
disney.avif	family-7342	#ed6322	0.362	9	9	22	0.409	1.000	0.2346	8.93	0.636	0.4295
disney.avif	family-7194	#3aad48	0.141	6	6	25	0.240	1.000	0.1624	9.66	0.758	0.2576
disney.avif	family-8979	#aad464	0.002	3	4	70	0.043	0.750	0.3389	10.45	0.827	0.2593
disney.avif	family-6920	#dc5166	0.214	4	4	6	0.667	1.000	0.8687	0.08	0.291	0.0784
disney.avif	family-6348	#0f80c4	0.031	5	5	41	0.122	1.000	0.0364	11.27	0.941	0.1282
disney.avif	family-6436	#a36072	0.017	3	3	18	0.167	1.000	0.5241	0.08	0.000	0.0673
doja.jpg	family-8241	#fd75b5	0.000	24	140	1611	0.015	0.171	1.0000	100.00	3.286	52.3804
doja.jpg	family-7381	#fd3d86	0.004	24	90	1283	0.019	0.267	0.2626	90.69	1.208	8.5593
doja.jpg	family-9081	#fda8cf	0.001	24	137	2086	0.012	0.175	0.2479	98.44	3.153	9.4089
doja.jpg	family-8642	#f79e80	0.000	23	26	413	0.056	0.885	0.6707	32.32	1.715	7.9587
doja.jpg	family-7760	#e18169	0.012	24	48	1072	0.022	0.500	0.4804	34.54	1.607	4.7051
doja.jpg	family-8662	#fd8fa8	0.003	24	91	1388	0.017	0.264	0.0596	50.95	0.752	1.6194
doja.jpg	family-9942	#fecce5	0.012	24	53	1096	0.022	0.453	0.1144	50.71	2.102	2.0171
doja.jpg	family-7802	#f96478	0.009	24	64	1308	0.018	0.375	0.1164	44.96	1.078	2.3413
doja.jpg	family-6899	#d25c52	0.020	23	38	667	0.034	0.605	0.4379	35.33	1.796	2.7703
doja.jpg	family-6941	#ee3054	0.012	24	61	987	0.024	0.393	0.2517	42.35	1.162	2.0461
doja.jpg	family-9503	#fcc0a6	0.029	24	25	460	0.052	0.960	0.0789	32.70	1.150	0.9087
doja.jpg	family-6038	#c62841	0.012	24	47	777	0.031	0.511	0.0443	34.45	0.742	0.8022
doja.jpg	family-10803	#fff6fc	0.048	20	30	309	0.065	0.667	0.0313	76.35	0.980	1.1106
doja.jpg	family-5576	#a83636	0.013	23	30	833	0.028	0.767	0.1012	31.25	1.079	0.8350
doja.jpg	family-4694	#8e1526	0.007	9	11	604	0.015	0.818	0.1240	30.38	1.337	0.8809
doja.jpg	family-5155	#9f164c	0.001	5	6	274	0.018	0.833	0.0161	23.66	0.816	0.3525
doja.jpg	family-6499	#de1a6c	0.000	3	4	180	0.017	0.750	0.0207	21.67	1.050	0.2290
doja.jpg	family-3812	#700318	0.010	9	9	363	0.025	1.000	0.0142	17.53	0.561	0.2544
doja.jpg	family-3349	#560b1f	0.037	17	17	229	0.074	1.000	0.0197	23.31	0.524	0.2698
doja.jpg	family-5995	#a2575c	0.000	3	3	294	0.010	1.000	0.0050	6.93	0.267	0.1213
doja.jpg	family-2005	#280104	0.001	3	3	134	0.022	1.000	0.0076	4.98	0.074	0.0732
elephunk.jpg	family-6792	#55919b	0.000	24	202	1246	0.019	0.119	1.0000	100.00	2.921	26.1788
elephunk.jpg	family-2844	#022833	0.000	24	95	880	0.027	0.253	1.0000	87.41	2.076	19.7648
elephunk.jpg	family-10784	#fcfdd1	0.013	24	119	491	0.049	0.202	1.0000	92.16	1.089	16.1500
elephunk.jpg	family-9018	#a5c7c8	0.005	22	22	2598	0.008	1.000	0.1109	69.38	0.953	5.0128
elephunk.jpg	family-4146	#0f4b55	0.003	22	25	3660	0.006	0.880	0.2965	82.61	1.445	5.5376
elephunk.jpg	family-5910	#447981	0.000	13	14	2964	0.004	0.929	0.0229	68.44	0.860	1.9352
elephunk.jpg	family-5028	#23616c	0.004	22	22	2716	0.008	1.000	0.0467	78.32	1.148	2.6656
elephunk.jpg	family-9901	#d3e4d1	0.002	24	26	2823	0.009	0.923	0.0225	88.72	0.885	2.2884
elephunk.jpg	family-1962	#061518	0.003	24	81	1986	0.012	0.296	0.0723	74.76	0.783	3.2196
elephunk.jpg	family-661	#030000	0.038	19	21	345	0.055	0.905	0.1335	70.22	1.245	2.8872
elephunk.jpg	family-2866	#2f201b	0.012	24	53	673	0.036	0.453	0.0590	72.31	0.658	1.6904
elephunk.jpg	family-7255	#81998b	0.001	24	37	3110	0.008	0.649	0.0074	92.16	1.627	2.2252
elephunk.jpg	family-8600	#d4b090	0.045	22	29	387	0.057	0.759	0.0453	70.11	0.918	1.5828
elephunk.jpg	family-6857	#ac795a	0.019	21	22	549	0.038	0.955	0.0273	66.29	0.749	0.9848
elephunk.jpg	family-3748	#463229	0.004	20	29	1036	0.019	0.690	0.0125	71.06	0.657	1.0604
elephunk.jpg	family-8137	#9cb1a2	0.001	15	15	2088	0.007	1.000	0.0044	87.61	1.143	1.2760
elephunk.jpg	family-220	#000000	0.002	5	6	175	0.029	0.833	0.0054	51.16	0.997	0.3192
elephunk.jpg	family-7739	#c7916d	0.029	22	28	479	0.046	0.786	0.0441	72.38	0.942	1.3740
elephunk.jpg	family-5975	#946146	0.027	20	21	345	0.058	0.952	0.0136	66.66	0.629	0.5288
elephunk.jpg	family-4630	#5c483f	0.010	24	41	964	0.025	0.585	0.0304	78.47	0.922	1.3796
elephunk.jpg	family-5512	#725e57	0.000	4	4	887	0.005	1.000	0.0011	65.26	0.582	0.5528
elephunk.jpg	family-9482	#e9c8a9	0.000	3	3	197	0.015	1.000	0.4593	0.11	0.236	0.1576
franz.jpg	family-1521	#020612	0.000	9	10	115	0.078	0.900	1.0000	100.00	2.183	84.0337
franz.jpg	family-10343	#f9ebc4	0.390	18	18	41	0.439	1.000	0.3763	68.39	0.639	11.7178
franz.jpg	family-638	#00000b	0.000	3	3	1997	0.002	1.000	0.0449	0.60	1.257	0.7109
franz.jpg	family-9019	#cac4ac	0.000	5	5	1116	0.004	1.000	0.1188	0.52	1.124	0.3835
franz.jpg	family-2424	#1b191e	0.000	5	5	967	0.005	1.000	0.0850	0.49	1.539	0.2986
greenday.jpg	family-1079	#000211	0.000	18	21	656	0.027	0.857	1.0000	100.00	2.763	60.0679
greenday.jpg	family-11245	#ffffff	0.000	24	41	77	0.312	0.585	0.6220	85.27	1.458	23.9475
greenday.jpg	family-6038	#c13033	0.306	24	39	43	0.558	0.615	0.3778	47.02	0.503	10.0959
greenday.jpg	family-220	#000000	0.008	16	17	617	0.026	0.941	0.3074	2.55	0.466	0.5654
greenday.jpg	family-661	#010101	0.002	13	18	993	0.013	0.722	0.0082	78.20	0.621	0.6262
greenday.jpg	family-5135	#9c292e	0.004	17	17	795	0.021	1.000	0.0114	9.59	0.478	0.3608
greenday.jpg	family-1543	#0d0707	0.000	6	6	1382	0.004	1.000	0.0088	4.47	0.242	0.4958
greenday.jpg	family-2005	#270307	0.001	17	17	1258	0.014	1.000	0.0074	9.88	0.951	0.4983
greenday.jpg	family-4232	#741e1f	0.003	10	10	611	0.016	1.000	0.0064	8.88	0.427	0.2366
greenday.jpg	family-2424	#1a191f	0.002	10	10	915	0.011	1.000	0.0064	15.00	0.766	0.3723
greenday.jpg	family-10362	#ebecf0	0.002	13	13	812	0.016	1.000	0.0015	80.09	0.682	0.3713
greenday.jpg	family-3350	#570f10	0.003	20	20	1120	0.018	1.000	0.0066	18.10	0.822	0.5039
greenday.jpg	family-9480	#cecfd3	0.006	15	15	640	0.023	1.000	0.0016	82.26	0.736	0.3264
greenday.jpg	family-3747	#37363b	0.007	15	15	638	0.024	1.000	0.0017	82.82	0.932	0.3157
greenday.jpg	family-8598	#b7b8bc	0.006	15	15	592	0.025	1.000	0.0011	76.38	1.180	0.2568
greenday.jpg	family-5952	#6f6e73	0.007	19	19	681	0.028	1.000	0.0016	76.79	0.869	0.3293
greenday.jpg	family-4629	#4c4d52	0.002	9	9	561	0.016	1.000	0.0006	73.85	0.687	0.2288
greenday.jpg	family-7276	#919191	0.004	14	14	648	0.022	1.000	0.0012	73.77	0.751	0.2815
havana.jpg	family-5048	#355c79	0.000	18	24	467	0.039	0.750	0.7706	50.17	3.059	27.0058
havana.jpg	family-3726	#2a3d4e	0.005	20	22	893	0.022	0.909	0.7163	43.83	1.806	16.1458
havana.jpg	family-10343	#f1e9bb	0.007	24	90	547	0.044	0.267	0.6080	42.71	1.776	9.6504
havana.jpg	family-7761	#e1824a	0.000	23	45	1220	0.019	0.511	0.2958	72.83	1.555	13.1319
havana.jpg	family-6879	#cc6544	0.002	19	27	1679	0.011	0.704	0.2624	49.83	0.666	6.9788
havana.jpg	family-8557	#96bfaf	0.031	24	115	454	0.053	0.209	0.1975	26.96	0.729	4.3913
havana.jpg	family-9462	#eed076	0.014	23	59	595	0.039	0.390	0.1306	49.92	1.643	3.9102
havana.jpg	family-7340	#eb6460	0.105	24	39	118	0.203	0.615	0.1802	22.93	1.852	2.5328
havana.jpg	family-9439	#b4dfce	0.020	20	20	828	0.024	1.000	0.0534	42.31	0.781	1.0486
havana.jpg	family-10804	#fff6ec	0.079	18	18	157	0.115	1.000	0.0208	51.50	0.479	0.3321
havana.jpg	family-8579	#c2b990	0.008	17	19	1047	0.016	0.895	0.0167	19.68	0.837	0.3017
havana.jpg	family-6017	#b84a3b	0.015	11	11	332	0.033	1.000	0.0033	49.33	0.667	0.1315
havana.jpg	family-9503	#fdc4a9	0.001	9	9	1384	0.007	1.000	0.0161	3.00	0.811	0.2123
havana.jpg	family-8180	#db9981	0.000	9	10	1528	0.006	0.900	0.0017	21.30	0.605	0.2478
havana.jpg	family-7234	#799b8b	0.016	7	7	323	0.022	1.000	0.0233	5.59	0.400	0.1271
havana.jpg	family-4168	#3e4438	0.000	5	5	840	0.006	1.000	0.0094	1.49	0.197	0.1381
havana.jpg	family-6813	#778a99	0.011	5	5	153	0.033	1.000	0.0283	1.03	1.697	0.0411
havana.jpg	family-6373	#7a7b69	0.003	12	12	867	0.014	1.000	0.0064	6.52	0.395	0.1588
havana.jpg	family-8136	#9eabb3	0.000	3	3	433	0.007	1.000	0.0009	38.08	0.845	0.0835
havana.jpg	family-5050	#585b4a	0.000	3	3	720	0.004	1.000	0.0018	4.65	0.000	0.0998
horrorwood.jpg	family-2403	#141b25	0.000	24	266	9183	0.003	0.090	1.0000	99.92	2.139	49.1654
horrorwood.jpg	family-3285	#242e3a	0.000	24	384	16153	0.001	0.063	0.5150	99.75	1.450	19.6074
horrorwood.jpg	family-4167	#36444f	0.000	24	283	13523	0.002	0.085	0.1787	99.83	1.254	8.4401
horrorwood.jpg	family-5049	#4c5a65	0.000	24	268	11924	0.002	0.090	0.0938	97.58	1.126	5.2747
horrorwood.jpg	family-5931	#63717a	0.000	24	213	9675	0.002	0.113	0.0666	100.00	1.015	3.9487
horrorwood.jpg	family-6813	#788993	0.000	24	184	8470	0.003	0.130	0.0527	93.26	1.233	3.3942
horrorwood.jpg	family-1542	#0a0b0f	0.000	14	76	10755	0.001	0.184	0.0282	79.82	0.728	2.4455
horrorwood.jpg	family-7695	#90a1ab	0.001	24	129	6161	0.004	0.186	0.0432	80.86	0.826	2.2606
horrorwood.jpg	family-8577	#acb9c2	0.001	24	90	4573	0.005	0.267	0.0267	76.02	0.795	1.6301
horrorwood.jpg	family-9459	#c8d2db	0.005	23	56	2047	0.011	0.411	0.0206	72.66	0.743	0.8710
horrorwood.jpg	family-2886	#37182a	0.001	19	29	1302	0.015	0.655	0.0166	88.78	1.336	0.9790
horrorwood.jpg	family-2005	#250b0e	0.030	18	18	206	0.087	1.000	0.2989	1.18	0.693	0.1788
horrorwood.jpg	family-10341	#e4ebf3	0.002	7	8	726	0.010	0.875	0.9644	1.02	1.579	0.1750
horrorwood.jpg	family-3768	#4c2b40	0.007	19	22	830	0.023	0.864	0.0333	11.66	0.581	0.3146
horrorwood.jpg	family-5047	#2c5a8e	0.126	12	12	85	0.141	1.000	0.0217	20.53	0.742	0.2157
horrorwood.jpg	family-3724	#1a3668	0.002	5	6	93	0.054	0.833	0.0389	6.11	0.823	0.1103
horrorwood.jpg	family-4650	#624059	0.029	12	12	196	0.061	1.000	0.0384	4.20	0.443	0.1252
horrorwood.jpg	family-5929	#4870a1	0.088	8	8	72	0.111	1.000	0.0095	19.59	0.580	0.0817
horrorwood.jpg	family-5532	#7a576d	0.014	6	6	163	0.037	1.000	0.0181	3.70	0.571	0.0722
horrorwood.jpg	family-4231	#6d2934	0.049	7	7	92	0.076	1.000	0.0370	2.64	0.466	0.0697
horrorwood.jpg	family-8579	#bab88f	0.009	3	3	42	0.071	1.000	0.0251	1.36	0.484	0.0273
horrorwood.jpg	family-5995	#a0555c	0.002	3	4	66	0.045	0.750	0.0600	1.57	0.648	0.0578
horrorwood.jpg	family-4169	#404725	0.025	4	4	39	0.103	1.000	0.2292	0.17	0.190	0.0301
horsley.jpg	family-10343	#f1edc0	0.014	24	49	676	0.036	0.490	0.4302	57.70	1.567	10.4417
horsley.jpg	family-6899	#cc615b	0.063	24	29	212	0.113	0.828	0.4165	32.63	1.065	9.0550
horsley.jpg	family-7719	#c99242	0.000	24	36	936	0.026	0.667	0.8596	44.98	2.947	18.5899
horsley.jpg	family-6858	#b8753e	0.000	17	36	1442	0.012	0.472	0.8438	32.86	2.055	12.0470
horsley.jpg	family-8602	#daad46	0.000	17	29	596	0.029	0.586	0.4687	17.36	2.133	4.6890
horsley.jpg	family-8578	#a6bca5	0.005	24	59	742	0.032	0.407	0.6438	45.50	1.355	9.8440
horsley.jpg	family-3306	#2c2f42	0.001	5	7	325	0.015	0.714	1.0000	31.50	1.064	10.4586
horsley.jpg	family-5511	#6a5870	0.020	7	7	319	0.022	1.000	0.3343	4.94	0.603	1.1172
horsley.jpg	family-5975	#a25b3b	0.002	23	61	1324	0.017	0.377	0.0314	63.08	1.266	1.1711
horsley.jpg	family-9900	#c7e3e6	0.012	24	54	985	0.024	0.444	0.0313	56.19	0.572	0.8060
horsley.jpg	family-9461	#d3d5ae	0.001	19	25	1797	0.011	0.760	0.0024	43.24	0.778	0.4365
horsley.jpg	family-9018	#aacbd0	0.000	4	4	720	0.006	1.000	0.0757	0.33	0.195	0.1527
horsley.jpg	family-7696	#99a78d	0.002	12	13	786	0.015	0.923	0.0029	34.97	0.345	0.2113
horsley.jpg	family-10782	#f6fcff	0.004	10	10	510	0.020	1.000	0.0016	69.05	0.713	0.1397
horsley.jpg	family-9062	#edb79d	0.003	12	12	1043	0.012	1.000	0.0023	43.31	1.154	0.2760
horsley.jpg	family-5093	#81472f	0.000	3	3	757	0.004	1.000	0.0008	27.58	0.354	0.1158
horsley.jpg	family-7739	#ca907a	0.000	8	8	1006	0.008	1.000	0.0033	14.29	1.589	0.2183
horsley.jpg	family-9483	#f0cc7e	0.009	10	10	349	0.029	1.000	0.0079	25.74	0.921	0.1139
infected.jpg	family-3745	#322e6b	0.000	24	117	2338	0.010	0.205	0.8471	100.00	2.495	41.9336
infected.jpg	family-2863	#241a4e	0.000	24	148	1691	0.014	0.162	0.5117	100.00	1.798	16.9714
infected.jpg	family-4605	#2b439d	0.001	24	118	2160	0.011	0.203	0.5032	91.72	2.632	10.4597
infected.jpg	family-1982	#130c2d	0.008	24	66	1141	0.021	0.364	0.1638	55.67	1.448	2.7366
infected.jpg	family-5947	#5054e9	0.011	24	55	733	0.033	0.436	0.6508	21.67	1.726	4.5935
infected.jpg	family-8113	#4db7f3	0.021	24	47	402	0.060	0.511	0.3783	84.40	2.533	4.4194
infected.jpg	family-5486	#2d58c8	0.011	24	76	1236	0.019	0.316	0.1022	87.97	1.589	2.8228
infected.jpg	family-5065	#3a3ccf	0.024	24	49	681	0.035	0.490	0.1131	27.06	0.828	1.4978
infected.jpg	family-6809	#487ff4	0.023	24	73	682	0.035	0.329	0.2759	15.29	0.788	1.9363
infected.jpg	family-6920	#e24852	0.036	24	42	528	0.045	0.571	0.0322	88.33	0.760	2.0117
infected.jpg	family-7230	#3598ed	0.007	24	62	1215	0.020	0.387	0.0330	61.15	0.889	1.2725
infected.jpg	family-8974	#4fd2fe	0.051	22	25	316	0.070	0.880	0.0199	78.89	1.087	0.8677
infected.jpg	family-6430	#884ff4	0.037	21	30	377	0.056	0.700	0.0600	17.77	0.765	0.7007
infected.jpg	family-4648	#573c81	0.004	24	44	1578	0.015	0.545	0.0261	72.70	0.946	1.2952
infected.jpg	family-5111	#793e78	0.007	18	20	862	0.021	0.900	0.0195	32.43	0.752	0.6821
infected.jpg	family-5528	#6346c6	0.010	21	31	808	0.026	0.677	0.0397	21.49	1.001	0.7407
infected.jpg	family-6369	#3879cd	0.002	10	11	610	0.016	0.909	0.0359	30.30	1.798	0.4041
infected.jpg	family-5488	#3e62a0	0.004	7	7	455	0.015	1.000	0.0067	34.21	1.164	0.3157
infected.jpg	family-4230	#66294a	0.008	21	30	795	0.026	0.700	0.0064	76.12	0.594	0.5642
infected.jpg	family-6016	#b0425d	0.006	24	45	1074	0.022	0.533	0.0088	82.60	0.995	0.8552
infected.jpg	family-3327	#431f39	0.005	15	18	542	0.028	0.833	0.0333	9.03	0.513	0.3682
infected.jpg	family-2445	#2b0f28	0.002	7	7	324	0.022	1.000	0.0213	4.10	0.474	0.1733
infected.jpg	family-7319	#d27468	0.049	14	14	153	0.092	1.000	0.1017	3.79	0.523	0.2375
infected.jpg	family-5134	#93314a	0.002	8	8	519	0.015	1.000	0.0009	77.52	0.682	0.2344
infected.jpg	family-9857	#6bf1fd	0.098	8	8	54	0.148	1.000	0.0318	7.37	0.845	0.1680
infected.jpg	family-6851	#836ef1	0.012	13	13	274	0.047	1.000	0.0392	3.46	0.387	0.2036
infected.jpg	family-8180	#de9978	0.099	15	15	93	0.161	1.000	0.0626	3.77	0.333	0.1484
infected.jpg	family-6014	#a2458b	0.001	5	5	347	0.014	1.000	0.0037	6.88	0.416	0.1545
infected.jpg	family-6893	#aa50ee	0.019	10	10	183	0.055	1.000	0.0120	13.77	0.406	0.1592
infected.jpg	family-7713	#8b92fa	0.023	7	7	114	0.061	1.000	0.0568	2.27	0.353	0.1147
infected.jpg	family-5991	#864dbe	0.000	3	3	222	0.014	1.000	0.0018	7.89	0.566	0.1111
infected.jpg	family-7776	#cc70f7	0.063	11	11	113	0.097	1.000	0.0885	3.48	0.406	0.1765
infected.jpg	family-10803	#fcfaff	0.253	9	9	20	0.450	1.000	0.3433	0.27	0.170	0.0574
infected.jpg	family-9041	#e8b98d	0.076	6	6	43	0.140	1.000	0.0580	1.67	0.201	0.0676
johns.jpg	family-2403	#0d181c	0.000	24	43	1041	0.023	0.558	1.0000	100.00	2.859	50.2067
johns.jpg	family-5047	#315a92	0.003	24	106	2477	0.010	0.226	1.0000	41.95	1.541	12.9941
johns.jpg	family-7802	#ff5a62	0.000	24	25	33	0.727	0.960	0.5431	25.05	0.846	7.8288
johns.jpg	family-2843	#0e2340	0.002	24	186	2769	0.009	0.129	0.2334	69.43	1.044	6.3596
johns.jpg	family-4166	#284265	0.004	24	189	2892	0.008	0.127	0.3002	42.10	1.090	5.2035
johns.jpg	family-9481	#d2d2d2	0.004	24	82	3472	0.007	0.293	0.0692	75.83	1.292	3.4951
johns.jpg	family-10782	#f8fcfd	0.012	22	56	1003	0.022	0.393	0.4034	70.80	0.967	3.5680
johns.jpg	family-5930	#567093	0.000	24	108	6188	0.004	0.222	0.0189	67.84	1.082	2.5080
johns.jpg	family-3726	#30393e	0.004	24	56	2284	0.011	0.429	0.0282	70.56	0.986	1.6261
johns.jpg	family-6812	#6c88ad	0.001	22	31	2816	0.008	0.710	0.0094	33.97	0.785	0.9996
johns.jpg	family-4608	#424f58	0.001	20	32	2147	0.009	0.625	0.0036	66.84	0.798	0.7971
johns.jpg	family-8577	#adb9c7	0.000	12	13	3321	0.004	0.923	0.0009	64.66	1.422	1.0131
johns.jpg	family-6372	#717b85	0.000	14	15	2049	0.007	0.933	0.0010	69.42	1.103	0.6380
johns.jpg	family-7695	#96a0ac	0.000	19	19	3851	0.005	1.000	0.0014	64.15	1.095	1.1567
johns.jpg	family-6920	#df4d5a	0.006	22	24	563	0.039	0.917	0.0144	17.26	0.713	0.3390
johns.jpg	family-3769	#55292a	0.003	10	10	445	0.022	1.000	0.0191	1.87	1.356	0.2100
johns.jpg	family-6017	#b3444b	0.003	9	9	427	0.021	1.000	0.0270	1.10	0.239	0.1741
johns.jpg	family-2866	#311f1d	0.002	11	11	503	0.022	1.000	0.0067	7.24	0.217	0.2278
johns.jpg	family-4672	#7a3339	0.005	11	11	425	0.026	1.000	0.0163	3.09	0.377	0.1927
johns.jpg	family-8222	#fc8082	0.001	5	5	322	0.016	1.000	0.0283	1.13	0.222	0.1167
johns.jpg	family-9082	#fea9ae	0.000	4	4	367	0.011	1.000	0.0020	7.15	0.428	0.1400
knuckles.jpg	family-8598	#bfb2c4	0.000	24	276	7202	0.003	0.087	0.1973	100.00	0.580	18.8963
knuckles.jpg	family-7715	#9c99c4	0.000	24	136	7817	0.003	0.176	0.0457	99.43	0.303	14.0694
knuckles.jpg	family-9480	#d8cbdd	0.001	24	66	3167	0.008	0.364	0.0625	52.61	0.461	5.3780
knuckles.jpg	family-7673	#60aac5	0.000	24	51	2759	0.009	0.471	0.0351	48.44	0.399	5.0563
knuckles.jpg	family-7296	#ac849f	0.000	11	14	4218	0.003	0.786	0.0225	17.09	0.216	5.3608
knuckles.jpg	family-8556	#87c4c7	0.000	16	17	1936	0.008	0.941	0.0306	15.58	0.241	2.7714
knuckles.jpg	family-9019	#bdc8b8	0.001	20	23	1683	0.012	0.870	0.0153	47.67	0.240	2.6784
knuckles.jpg	family-8179	#ce9c9d	0.000	7	7	2706	0.003	1.000	0.0067	23.84	0.113	3.3992
knuckles.jpg	family-10782	#f1fcfe	0.031	14	14	153	0.092	1.000	0.2778	1.44	0.134	0.4065
krafty.jpg	family-1101	#050306	0.000	24	132	451	0.053	0.182	1.0000	100.00	2.477	36.9116
krafty.jpg	family-3810	#680b3a	0.001	24	336	4093	0.006	0.071	1.0000	96.13	1.395	19.3340
krafty.jpg	family-6057	#c11a74	0.002	24	548	3326	0.007	0.044	0.3426	95.21	0.805	12.6108
krafty.jpg	family-5154	#9b1a5d	0.000	24	283	10416	0.002	0.085	0.0691	90.82	0.731	7.0388
krafty.jpg	family-8623	#f8a120	0.000	24	56	554	0.043	0.429	0.3500	66.25	1.179	6.4631
krafty.jpg	family-6960	#eb0a8a	0.016	24	106	774	0.031	0.226	0.1211	89.21	0.645	4.7314
krafty.jpg	family-2445	#30091e	0.000	24	357	5122	0.005	0.067	0.1060	92.94	1.562	5.7759
krafty.jpg	family-4693	#871842	0.000	7	7	2843	0.002	1.000	0.0010	52.78	0.556	0.9993
krafty.jpg	family-5113	#853d49	0.001	12	13	1498	0.008	0.923	0.0027	58.01	0.358	0.6311
krafty.jpg	family-6919	#d84c7b	0.002	19	21	916	0.021	0.905	0.0035	87.57	0.420	0.5576
krafty.jpg	family-9485	#fdc41f	0.005	15	23	371	0.040	0.652	0.0082	43.15	0.884	0.3262
krafty.jpg	family-6858	#b97538	0.003	24	36	1660	0.014	0.667	0.0124	65.03	0.748	0.9031
krafty.jpg	family-1984	#1c0d08	0.000	4	4	961	0.004	1.000	0.0071	2.79	0.908	0.3271
krafty.jpg	family-5975	#995d43	0.003	21	32	1322	0.016	0.656	0.0083	71.37	0.650	0.7424
krafty.jpg	family-7741	#dd8a2e	0.000	14	14	1525	0.009	1.000	0.0036	17.26	0.411	0.5928
krafty.jpg	family-3748	#42352d	0.002	7	7	340	0.021	1.000	0.0010	91.12	0.358	0.2056
krafty.jpg	family-5514	#815b14	0.012	11	11	273	0.040	1.000	0.0208	2.78	0.740	0.1450
krafty.jpg	family-4631	#644517	0.001	3	3	151	0.020	1.000	0.0146	0.74	0.695	0.0542
loups.jpg	family-9924	#fdd98d	0.000	21	37	727	0.029	0.568	0.8216	94.20	2.393	41.0312
loups.jpg	family-9064	#fdb14f	0.008	24	53	972	0.025	0.453	0.4704	91.90	1.159	16.9924
loups.jpg	family-8203	#fc8831	0.007	18	20	367	0.049	0.900	0.4735	63.40	1.415	6.0856
loups.jpg	family-10363	#fde5d9	0.000	13	25	940	0.014	0.520	0.1987	57.97	2.546	6.7036
loups.jpg	family-9464	#f5cf22	0.014	11	11	303	0.036	1.000	0.1061	89.49	1.302	3.4000
loups.jpg	family-9502	#fac2c3	0.004	4	6	264	0.015	0.667	0.5124	14.48	1.013	2.7020
loups.jpg	family-8581	#d4b72d	0.070	11	11	118	0.093	1.000	0.0815	100.00	1.077	2.8424
loups.jpg	family-7720	#ca9400	0.007	3	4	21	0.143	0.750	0.0378	100.00	0.975	1.4568
loups.jpg	family-9021	#d7c67e	0.020	5	6	23	0.217	0.833	0.1537	12.79	0.731	0.9508
loups.jpg	family-8201	#e78e86	0.128	6	6	30	0.200	1.000	0.1201	29.89	1.128	1.6740
loups.jpg	family-6480	#de2914	0.018	4	4	48	0.083	1.000	0.4348	4.50	0.445	0.7708
loups.jpg	family-7319	#cf756a	0.000	3	6	51	0.059	0.500	0.0955	19.65	1.055	0.5300
loups.jpg	family-8620	#e7a6a0	0.061	9	9	111	0.081	1.000	0.0280	46.79	0.862	0.5716
loups.jpg	family-10324	#f4f375	0.002	4	5	56	0.071	0.800	0.0385	12.53	0.848	0.3100
loups.jpg	family-7361	#f05567	0.010	3	3	23	0.130	1.000	0.2801	2.19	0.435	0.1076
maroon5.jpg	family-1543	#0a0a0a	0.000	24	136	681	0.035	0.176	1.0000	100.00	2.721	38.9863
maroon5.jpg	family-4694	#8b131f	0.001	24	266	2227	0.011	0.090	0.7760	92.50	1.692	14.9265
maroon5.jpg	family-8201	#ea8f74	0.214	13	13	53	0.245	1.000	0.6658	38.51	0.751	8.7499
maroon5.jpg	family-2908	#4a0d14	0.000	24	241	8845	0.003	0.100	0.5257	93.30	2.070	17.4480
maroon5.jpg	family-2005	#290203	0.001	24	340	2764	0.009	0.071	0.6466	93.80	1.389	6.0025
maroon5.jpg	family-5597	#b5182d	0.019	24	118	294	0.082	0.203	0.4365	91.70	1.326	5.8716
maroon5.jpg	family-3791	#690f18	0.000	24	520	9961	0.002	0.046	0.1125	93.60	1.300	5.0277
maroon5.jpg	family-10363	#f5e7e7	0.012	23	34	670	0.034	0.676	0.1389	7.87	0.806	0.3863
maroon5.jpg	family-220	#000000	0.001	6	6	627	0.010	1.000	0.0073	3.00	0.893	0.1296
maroon5.jpg	family-9481	#dfcdc9	0.004	13	14	786	0.017	0.929	0.0031	42.29	1.058	0.2005
maroon5.jpg	family-11245	#ffffff	0.002	7	7	392	0.018	1.000	0.0056	4.17	0.773	0.1245
maroon5.jpg	family-2866	#2c211f	0.000	4	4	1087	0.004	1.000	0.0036	5.10	1.243	0.1590
maroon5.jpg	family-3748	#403531	0.001	5	5	805	0.006	1.000	0.0044	5.11	0.690	0.1229
maroon5.jpg	family-8599	#bfb5b3	0.000	6	6	1386	0.004	1.000	0.0190	1.51	0.970	0.2253
maroon5.jpg	family-6501	#dc122a	0.016	10	10	183	0.055	1.000	0.0040	18.71	0.569	0.1004
meteora.jpg	family-220	#000000	0.000	23	33	710	0.032	0.697	0.4945	100.00	2.084	44.2568
meteora.jpg	family-7277	#a59073	0.000	24	48	540	0.044	0.500	0.9889	50.00	1.187	25.9792
meteora.jpg	family-1984	#151108	0.001	24	163	2399	0.010	0.147	0.3017	52.03	0.944	7.8777
meteora.jpg	family-661	#030000	0.004	24	132	936	0.026	0.182	0.2581	62.19	1.074	5.0427
meteora.jpg	family-3748	#3e372d	0.004	24	165	2377	0.010	0.145	0.2484	52.50	0.934	5.4060
meteora.jpg	family-2866	#28231d	0.003	24	76	2378	0.010	0.316	0.0492	39.84	0.665	1.8589
meteora.jpg	family-4630	#554b3f	0.004	23	45	1954	0.012	0.511	0.0311	44.63	0.885	1.4453
meteora.jpg	family-5512	#6e6151	0.005	24	107	2415	0.010	0.224	0.1257	49.53	0.983	3.5605
meteora.jpg	family-6394	#887964	0.003	24	77	2077	0.012	0.312	0.1041	49.77	0.940	2.4619
meteora.jpg	family-10804	#fafafa	0.164	22	22	131	0.168	1.000	0.4180	4.50	0.255	1.4285
meteora.jpg	family-9040	#c7c4bf	0.002	8	8	431	0.019	1.000	0.0096	5.20	0.721	0.2822
meteora.jpg	family-8158	#afaaa6	0.000	4	4	348	0.011	1.000	0.0055	3.24	0.214	0.1841
meteora.jpg	family-9922	#e1ddda	0.002	7	7	490	0.014	1.000	0.0325	1.82	0.368	0.2151
muse.jpg	family-220	#000000	0.000	24	30	673	0.036	0.800	0.4988	100.00	2.342	32.3252
muse.jpg	family-6349	#0082be	0.000	24	107	702	0.034	0.224	0.8932	72.97	2.231	24.9104
muse.jpg	family-3724	#023670	0.005	24	156	1316	0.018	0.154	0.3234	82.50	1.212	7.1238
muse.jpg	family-5467	#0468a6	0.003	24	256	1783	0.013	0.094	0.4408	73.59	1.285	8.6702
muse.jpg	family-10782	#f2fafd	0.235	23	26	86	0.267	0.885	0.1098	87.16	1.542	3.8005
muse.jpg	family-1521	#020b10	0.008	24	102	1383	0.017	0.235	0.1346	96.72	0.981	3.3618
muse.jpg	family-7210	#04a0d1	0.012	24	99	861	0.028	0.242	0.0970	70.16	1.110	2.2502
muse.jpg	family-661	#030000	0.009	24	130	690	0.035	0.185	0.1349	97.50	0.721	4.2947
muse.jpg	family-4606	#054c8a	0.003	24	199	2721	0.009	0.121	0.0907	82.66	0.907	3.5601
muse.jpg	family-2843	#062542	0.007	24	138	1350	0.018	0.174	0.2127	94.22	1.297	3.9778
muse.jpg	family-8092	#37bae4	0.014	24	75	808	0.030	0.320	0.0403	67.41	0.981	1.2576
muse.jpg	family-8996	#82d1ef	0.021	23	49	628	0.037	0.469	0.0531	67.52	1.059	1.1487
muse.jpg	family-9900	#c8e5f5	0.017	22	38	700	0.031	0.579	0.0288	81.83	0.926	0.9426
muse.jpg	family-1961	#02122b	0.002	8	8	640	0.013	1.000	0.0138	19.81	1.203	0.2861
muse.jpg	family-4145	#0b4962	0.014	21	27	660	0.032	0.778	0.0187	39.51	0.551	0.5100
muse.jpg	family-5027	#16607b	0.006	13	13	453	0.029	1.000	0.0096	24.05	0.234	0.2864
muse.jpg	family-3264	#06353d	0.000	3	3	327	0.009	1.000	0.0025	10.14	0.267	0.1248
muse.jpg	family-5909	#2e7893	0.000	3	3	337	0.009	1.000	0.0106	4.40	0.432	0.1675
muse.jpg	family-9018	#b0c8d4	0.001	4	4	279	0.014	1.000	0.0025	25.03	0.866	0.1533
muse.jpg	family-6791	#4590af	0.002	7	7	333	0.021	1.000	0.0050	14.32	0.353	0.1814
muse.jpg	family-8135	#86b1d4	0.002	5	5	245	0.020	1.000	0.0011	56.61	0.769	0.1345
nada.jpg	family-5489	#45658c	0.000	20	64	1432	0.014	0.313	0.8151	100.00	3.822	68.1736
nada.jpg	family-4607	#335173	0.002	24	161	3499	0.007	0.149	0.1301	83.28	1.322	5.5735
nada.jpg	family-6039	#cc140c	0.015	24	91	436	0.055	0.264	0.0645	31.69	0.227	1.4683
nada.jpg	family-6371	#587aa0	0.001	18	32	1924	0.009	0.563	0.0066	86.47	0.411	1.0220
nada.jpg	family-1982	#100d28	0.013	24	118	830	0.029	0.203	0.1835	29.38	0.703	2.4250
nada.jpg	family-9044	#fab512	0.014	24	96	453	0.053	0.250	0.0678	32.19	0.184	1.6008
nada.jpg	family-6922	#ea4204	0.016	24	78	419	0.057	0.308	0.0664	27.84	0.170	1.4585
nada.jpg	family-3744	#2c287f	0.027	24	62	435	0.055	0.387	0.0286	71.44	0.389	1.4138
nada.jpg	family-2864	#1f1f41	0.003	24	59	1496	0.016	0.407	0.0532	16.78	0.469	1.0452
nada.jpg	family-7715	#989aca	0.009	24	86	714	0.034	0.279	0.0254	74.56	0.201	1.4573
nada.jpg	family-5487	#385eb1	0.021	24	59	270	0.089	0.407	0.0373	30.48	0.230	0.8232
nada.jpg	family-9905	#fcda3b	0.043	24	54	235	0.102	0.444	0.0634	21.41	0.136	1.0056
nada.jpg	family-7762	#ee7c0c	0.023	24	34	551	0.044	0.706	0.0342	25.62	0.157	0.8132
nada.jpg	family-10783	#fbfcf7	0.000	8	8	43	0.186	1.000	0.8002	1.31	0.029	0.6399
nada.jpg	family-3725	#263957	0.003	15	18	1166	0.013	0.833	0.0207	26.56	0.543	0.6643
nada.jpg	family-5950	#6267ab	0.004	20	21	844	0.024	0.952	0.0140	26.69	0.263	0.5339
nada.jpg	family-9480	#d4cce1	0.028	24	60	374	0.064	0.400	0.0161	76.48	0.394	0.8164
nada.jpg	family-5136	#a3160d	0.009	24	27	989	0.024	0.889	0.0203	25.77	0.227	0.6892
nada.jpg	family-6832	#7b7fbf	0.007	19	19	754	0.025	1.000	0.0164	19.16	0.316	0.4517
nada.jpg	family-9062	#f6b192	0.145	24	24	137	0.175	1.000	0.0255	24.26	0.153	0.4456
nada.jpg	family-8597	#b0b3de	0.010	22	29	736	0.030	0.759	0.0221	21.56	0.305	0.5483
nada.jpg	family-6438	#bc591e	0.012	16	16	604	0.026	1.000	0.0131	24.11	0.131	0.3965
nada.jpg	family-6479	#d13c52	0.038	24	28	400	0.060	0.857	0.0206	26.84	0.213	0.4888
nada.jpg	family-1101	#05020b	0.001	6	7	535	0.011	0.857	0.3734	1.68	1.053	0.3701
nada.jpg	family-4605	#27479c	0.005	9	9	435	0.021	1.000	0.0100	13.64	0.208	0.2100
nada.jpg	family-8114	#76b6cf	0.056	9	9	116	0.078	1.000	0.0101	23.30	0.090	0.1863
nada.jpg	family-8619	#d5a6c6	0.006	5	5	258	0.019	1.000	0.0110	11.79	0.046	0.1750
nada.jpg	family-6352	#548872	0.367	9	9	21	0.429	1.000	0.0150	13.65	0.100	0.1482
nada.jpg	family-7360	#e4587f	0.001	3	3	158	0.019	1.000	0.0047	8.38	0.071	0.0864
nada.jpg	family-7699	#b69f1f	0.004	5	5	324	0.015	1.000	0.0075	13.78	0.197	0.1548
nobs.jpg	family-10782	#f7ffff	0.000	23	25	602	0.038	0.920	1.0000	100.00	3.280	65.5847
nobs.jpg	family-9464	#f4d002	0.004	24	75	1714	0.014	0.320	0.4827	31.08	1.033	6.4022
nobs.jpg	family-6942	#f80324	0.017	24	93	421	0.057	0.258	0.1028	59.14	0.927	1.8703
nobs.jpg	family-10325	#f7f61f	0.008	24	84	1581	0.015	0.286	0.1560	30.23	0.848	2.5558
nobs.jpg	family-7229	#0695fd	0.061	24	39	347	0.069	0.615	0.0822	28.58	0.900	0.9274
nobs.jpg	family-7802	#fb6571	0.004	24	146	1687	0.014	0.164	0.0400	60.31	0.536	1.3224
nobs.jpg	family-7334	#b75dfb	0.044	20	20	400	0.050	1.000	0.1870	11.67	0.661	0.9456
nobs.jpg	family-6039	#ce091b	0.000	7	7	3712	0.002	1.000	0.0023	39.14	0.418	0.6665
nobs.jpg	family-8221	#f68098	0.003	24	101	1981	0.012	0.238	0.0260	59.09	0.517	0.9525
nobs.jpg	family-5156	#a60429	0.001	19	29	4922	0.004	0.655	0.0209	26.39	0.702	0.9585
nobs.jpg	family-8217	#d77cfd	0.016	15	15	474	0.032	1.000	0.0450	9.38	0.920	0.2823
nobs.jpg	family-8602	#e7aa04	0.002	24	62	3921	0.006	0.387	0.0548	26.93	0.689	1.0731
nobs.jpg	family-10320	#b7fbfc	0.044	22	22	312	0.071	1.000	0.0648	13.00	0.642	0.3733
nobs.jpg	family-4252	#7b0f33	0.000	10	10	5902	0.002	1.000	0.0065	20.36	0.285	0.9329
nobs.jpg	family-8533	#05cbfc	0.026	13	13	410	0.032	1.000	0.0345	21.01	0.544	0.3431
nobs.jpg	family-9416	#60e7fa	0.059	22	27	326	0.067	0.815	0.0899	21.82	0.831	0.6159
nobs.jpg	family-9422	#c5e311	0.015	18	18	624	0.029	1.000	0.0124	20.28	0.388	0.1825
nobs.jpg	family-8097	#85bd5c	0.015	13	13	639	0.020	1.000	0.0854	7.69	0.480	0.3330
nobs.jpg	family-5955	#8f660e	0.000	3	3	5121	0.001	1.000	0.0108	4.73	0.183	0.5344
nobs.jpg	family-7783	#fa6e1f	0.011	12	12	716	0.017	1.000	0.0237	17.89	0.374	0.3183
nobs.jpg	family-3284	#172e4d	0.004	23	50	1842	0.012	0.460	0.0172	37.79	0.523	0.6140
nobs.jpg	family-3789	#5c1c41	0.000	8	8	3650	0.002	1.000	0.0133	5.64	0.381	0.4690
nobs.jpg	family-7741	#dd8a06	0.003	7	7	522	0.013	1.000	0.1291	0.52	0.273	0.0872
nobs.jpg	family-7214	#57a66d	0.014	14	14	631	0.022	1.000	0.0696	8.72	0.752	0.3114
nobs.jpg	family-6497	#d11399	0.017	7	7	266	0.026	1.000	0.0130	49.47	0.790	0.1844
nobs.jpg	family-8959	#84e14a	0.028	6	6	128	0.047	1.000	0.2308	0.47	0.554	0.0669
nobs.jpg	family-8056	#41ca24	0.011	4	4	121	0.033	1.000	0.0537	2.21	0.441	0.0597
nobs.jpg	family-7675	#6eac93	0.001	4	4	457	0.009	1.000	0.1828	0.14	0.265	0.0652
nobs.jpg	family-5926	#1962ec	0.002	3	3	128	0.023	1.000	0.0032	12.32	0.627	0.0265
once.jpg	family-9921	#dddde7	0.000	20	39	1639	0.012	0.513	0.9405	65.83	2.830	38.6516
once.jpg	family-6393	#817486	0.000	24	155	3212	0.007	0.155	1.0000	100.00	3.317	30.2571
once.jpg	family-9039	#c4c2d7	0.001	24	218	2132	0.011	0.110	0.4366	69.70	2.445	6.8034
once.jpg	family-5511	#6c5f71	0.000	24	617	4634	0.005	0.039	0.3612	100.00	1.487	8.7693
once.jpg	family-7275	#988d9e	0.001	24	341	4362	0.006	0.070	0.3698	100.00	1.945	7.0133
once.jpg	family-4629	#544959	0.002	24	252	2603	0.009	0.095	0.1816	92.67	1.540	3.3252
once.jpg	family-8157	#afa7b6	0.002	24	181	2466	0.010	0.133	0.4368	94.04	2.521	3.4166
once.jpg	family-3747	#3f3442	0.011	23	37	1050	0.022	0.622	0.1271	61.67	1.541	1.4296
once.jpg	family-2865	#2c222d	0.015	15	15	362	0.041	1.000	0.0379	4.43	0.403	0.1402
orelsan.jpg	family-1962	#0c1222	0.000	23	24	255	0.090	0.958	0.9613	73.71	2.175	39.8867
orelsan.jpg	family-3726	#293949	0.000	24	75	631	0.038	0.320	0.2647	100.00	1.869	16.8841
orelsan.jpg	family-2844	#172737	0.010	24	64	471	0.051	0.375	0.5071	100.00	1.502	19.2405
orelsan.jpg	family-9041	#d7c19c	0.014	23	35	457	0.050	0.657	0.2570	55.82	0.948	5.0069
orelsan.jpg	family-4608	#404e57	0.011	23	44	677	0.034	0.523	0.0621	74.15	0.761	2.7993
orelsan.jpg	family-8159	#c0a882	0.018	23	45	492	0.047	0.511	0.1075	30.03	0.635	2.1073
orelsan.jpg	family-5512	#715e57	0.017	24	47	680	0.035	0.511	0.2012	29.37	0.693	3.2820
orelsan.jpg	family-9922	#e9dec8	0.008	16	22	311	0.051	0.727	0.1051	33.13	0.564	2.4221
orelsan.jpg	family-7696	#99a28f	0.015	24	33	581	0.041	0.727	0.0408	57.40	0.501	1.8382
orelsan.jpg	family-6814	#818a77	0.004	16	17	648	0.025	0.941	0.0432	17.98	0.932	1.4057
orelsan.jpg	family-7277	#ab8d69	0.015	20	25	490	0.041	0.800	0.0783	25.30	0.949	1.6756
orelsan.jpg	family-6394	#8b746c	0.014	19	19	465	0.041	1.000	0.0907	19.62	0.818	1.3927
orelsan.jpg	family-4189	#4e3f3c	0.016	17	17	290	0.059	1.000	0.0567	19.75	0.444	0.9888
orelsan.jpg	family-5931	#617377	0.017	8	8	157	0.051	1.000	0.0135	26.93	0.802	0.4317
orelsan.jpg	family-3307	#392a25	0.002	4	4	112	0.036	1.000	0.0072	15.79	0.273	0.2362
orelsan.jpg	family-2425	#211a12	0.012	4	4	26	0.154	1.000	0.0030	21.72	0.357	0.1021
placebo.jpg	family-6813	#6c8a8a	0.000	24	58	18203	0.001	0.414	0.5543	100.00	3.022	26.5099
placebo.jpg	family-7695	#86a5aa	0.000	24	79	10498	0.002	0.304	0.4007	94.09	2.569	18.6191
placebo.jpg	family-1963	#111312	0.000	20	27	2092	0.010	0.741	0.4594	68.21	2.756	8.0788
placebo.jpg	family-5931	#547677	0.000	16	45	19697	0.001	0.356	0.2987	87.87	2.322	9.2977
placebo.jpg	family-5049	#445e5d	0.000	23	103	17613	0.001	0.223	0.2323	82.11	2.678	7.2667
placebo.jpg	family-9041	#e0bd9f	0.000	9	10	848	0.011	0.900	0.7402	42.42	2.460	6.3829
placebo.jpg	family-8578	#b2b9b1	0.001	14	19	4473	0.003	0.737	0.0586	70.64	1.466	2.0529
placebo.jpg	family-4167	#2f4749	0.000	24	69	10880	0.002	0.348	0.0878	68.51	1.915	3.2308
placebo.jpg	family-4189	#513e2d	0.022	23	30	772	0.030	0.767	0.4062	72.21	1.547	3.4638
placebo.jpg	family-7718	#b89778	0.001	15	17	1619	0.009	0.882	1.0000	45.93	1.846	4.2282
placebo.jpg	family-2844	#19272a	0.001	24	96	6581	0.004	0.250	0.1745	70.21	1.517	2.7951
placebo.jpg	family-6836	#9d8060	0.003	24	42	2155	0.011	0.571	0.2553	77.74	1.572	2.1531
placebo.jpg	family-5954	#84694e	0.006	24	36	1861	0.013	0.667	0.3309	45.02	1.609	1.4818
placebo.jpg	family-3307	#3b291f	0.008	22	29	1206	0.018	0.759	0.1072	67.68	1.186	0.7111
placebo.jpg	family-5072	#6e523a	0.005	24	44	1333	0.018	0.545	0.2129	71.86	1.122	1.5936
placebo.jpg	family-9923	#ecd9bb	0.001	9	13	656	0.014	0.692	0.0353	45.82	1.474	1.0177
placebo.jpg	family-10783	#fbfdf8	0.780	18	18	23	0.783	1.000	0.7428	1.78	0.309	0.7324
placebo.jpg	family-6039	#cc150f	0.998	7	7	7	1.000	1.000	0.8338	0.60	0.095	0.2395
placebo.jpg	family-5576	#a93331	0.011	6	7	142	0.042	0.857	0.3596	0.58	0.768	0.0811
skap.jpg	family-11245	#ffffff	0.000	24	142	936	0.026	0.169	0.5318	100.00	1.356	21.7537
skap.jpg	family-639	#000103	0.001	24	229	3375	0.007	0.105	0.2766	94.23	1.183	9.8040
skap.jpg	family-10341	#deecf7	0.001	24	75	6602	0.004	0.320	0.1020	98.99	1.262	5.1841
skap.jpg	family-5912	#5d763c	0.010	20	21	1704	0.012	0.952	0.1070	80.15	1.134	3.2591
skap.jpg	family-9481	#e2ccc1	0.001	24	289	7887	0.003	0.083	0.2165	98.89	1.328	7.2710
skap.jpg	family-6414	#8f6d7e	0.002	23	52	3597	0.006	0.442	0.1042	76.65	1.032	3.6875
skap.jpg	family-7717	#b09894	0.000	24	183	11883	0.002	0.131	0.1530	98.14	1.091	7.0620
skap.jpg	family-8599	#c4b5b0	0.001	24	157	10753	0.002	0.153	0.0606	89.05	0.997	4.0671
skap.jpg	family-6017	#b63b34	0.160	24	27	132	0.182	0.889	0.1899	57.75	1.013	3.7994
skap.jpg	family-1543	#0f0704	0.000	16	33	13441	0.001	0.485	0.0076	60.92	0.805	3.2100
skap.jpg	family-7299	#c27d44	0.008	24	46	2253	0.011	0.522	0.0790	63.42	1.178	2.3471
skap.jpg	family-6835	#94817d	0.000	24	67	13988	0.002	0.358	0.0308	73.17	1.024	3.2503
skap.jpg	family-5512	#705f58	0.000	24	54	16076	0.001	0.444	0.0314	76.15	0.884	3.5983
skap.jpg	family-3307	#392a25	0.000	18	22	15246	0.001	0.818	0.0149	47.83	1.616	2.9023
skap.jpg	family-4630	#584944	0.000	14	17	13456	0.001	0.824	0.0081	42.83	1.098	2.2489
skap.jpg	family-2425	#251714	0.000	19	31	11350	0.002	0.613	0.0131	51.87	0.720	2.2547
skap.jpg	family-8622	#e9a06b	0.023	24	36	796	0.030	0.667	0.0592	47.17	0.966	1.1723
skap.jpg	family-9001	#bacd36	0.020	13	13	474	0.027	1.000	0.0235	81.66	1.135	1.0286
skap.jpg	family-7719	#c19856	0.004	23	91	2870	0.008	0.253	0.0597	91.55	1.161	1.9630
skap.jpg	family-3790	#630b1b	0.000	4	6	868	0.005	0.667	0.1539	20.87	1.222	1.1996
skap.jpg	family-5972	#845a8c	0.021	21	22	250	0.084	0.955	0.0583	63.93	1.870	0.7636
skap.jpg	family-220	#000000	0.000	8	8	993	0.008	1.000	0.0010	42.97	0.651	0.2676
skap.jpg	family-8602	#ddb651	0.009	12	12	766	0.016	1.000	0.0398	20.50	1.117	0.5403
skap.jpg	family-6500	#d91a3b	0.035	24	66	334	0.072	0.364	0.0348	39.38	0.563	0.5120
skap.jpg	family-5954	#856846	0.000	7	8	3038	0.002	0.875	0.0167	12.65	0.357	0.5348
skap.jpg	family-5030	#495f31	0.001	6	6	2544	0.002	1.000	0.0268	37.93	1.119	0.6282
skap.jpg	family-9458	#b0d8f2	0.083	11	11	97	0.113	1.000	0.0261	30.71	1.084	0.3987
skap.jpg	family-9884	#f1e419	0.013	9	10	133	0.068	0.900	0.0129	25.68	0.883	0.2437
skap.jpg	family-6772	#259d81	0.628	8	8	11	0.727	1.000	0.0679	9.43	0.962	0.2775
skap.jpg	family-6795	#789042	0.002	13	14	1370	0.009	0.929	0.0315	30.93	0.907	0.3686
skap.jpg	family-5135	#9a262f	0.001	6	7	974	0.006	0.857	0.0398	11.33	0.499	0.2710
skap.jpg	family-8140	#baad3a	0.000	6	6	1146	0.005	1.000	0.0010	48.92	0.285	0.2489
skap.jpg	family-10343	#f9e9b5	0.024	11	11	228	0.048	1.000	0.0242	16.60	0.513	0.2578
skap.jpg	family-2888	#3f1604	0.000	5	5	1302	0.004	1.000	0.0262	2.66	0.417	0.2827
skap.jpg	family-6877	#b6727f	0.030	9	9	181	0.050	1.000	0.0046	31.10	0.587	0.0966
skap.jpg	family-5093	#7d4a2d	0.000	3	3	738	0.004	1.000	0.0149	0.82	0.154	0.1205
skap.jpg	family-9463	#e2d24b	0.023	19	20	388	0.049	0.950	0.0107	25.08	0.453	0.2264
skap.jpg	family-8555	#7dc4e2	0.015	5	5	120	0.042	1.000	0.0037	35.30	0.626	0.0782
skap.jpg	family-8178	#ba9dbc	0.054	8	8	83	0.096	1.000	0.0077	18.84	0.976	0.0784
slim.jpg	family-1080	#01040b	0.000	24	178	6403	0.004	0.135	1.0000	100.00	2.993	43.4695
slim.jpg	family-220	#000000	0.004	24	72	1660	0.014	0.333	0.1562	100.00	2.037	5.6672
slim.jpg	family-1983	#140e18	0.000	24	393	15672	0.002	0.061	0.7716	100.00	1.602	16.9484
slim.jpg	family-2402	#031b35	0.000	24	160	7121	0.003	0.150	0.2038	100.00	1.542	6.3825
slim.jpg	family-2446	#320814	0.000	22	60	2290	0.010	0.367	0.2710	85.77	1.725	8.2395
slim.jpg	family-4608	#454f51	0.006	16	30	2324	0.007	0.533	0.1893	53.47	1.442	4.7038
slim.jpg	family-3284	#0b304d	0.006	24	84	2414	0.010	0.286	0.0553	100.00	1.184	1.9479
slim.jpg	family-3747	#3d363d	0.000	20	47	3891	0.005	0.426	0.6096	38.24	2.461	4.5719
slim.jpg	family-2865	#27212b	0.001	24	104	6097	0.004	0.231	0.1055	72.89	1.097	2.7521
slim.jpg	family-3349	#511223	0.004	24	59	2486	0.010	0.407	0.0947	35.50	1.067	1.3356
slim.jpg	family-4166	#184566	0.010	24	42	1352	0.018	0.571	0.0149	99.42	0.574	0.7021
slim.jpg	family-5490	#53666c	0.006	12	14	1285	0.009	0.857	0.0222	53.23	0.742	0.6547
slim.jpg	family-6480	#dc2b31	0.993	12	12	12	1.000	1.000	0.6104	3.16	0.443	0.4335
slim.jpg	family-4651	#664149	0.014	14	15	329	0.043	0.933	0.1346	14.09	0.923	0.5658
slim.jpg	family-5026	#0c5d8c	0.019	21	25	726	0.029	0.840	0.0143	87.00	0.900	0.5281
slim.jpg	family-5908	#2876a4	0.030	22	22	446	0.049	1.000	0.0054	84.95	0.720	0.2037
slim.jpg	family-6372	#677e86	0.001	4	7	277	0.014	0.571	0.0109	16.38	0.725	0.1241
slim.jpg	family-6790	#348fbe	0.009	8	8	229	0.035	1.000	0.0030	27.96	0.466	0.0851
slim.jpg	family-8092	#20beee	0.023	3	3	28	0.107	1.000	0.2934	0.48	0.021	0.0656
slipknot.jpg	family-220	#000000	0.000	18	19	704	0.026	0.947	1.0000	100.00	3.205	92.4136
slipknot.jpg	family-10803	#fbfbfd	0.000	5	6	14	0.357	0.833	0.8507	10.88	0.403	3.7352
slipknot.jpg	family-661	#010101	0.011	24	38	817	0.029	0.632	0.2654	12.10	0.714	2.1032
snarky.jpg	family-8560	#c7bf36	0.000	12	13	157	0.076	0.923	1.0000	100.00	2.548	96.8005
snarky.jpg	family-10783	#fcfdf5	0.381	24	27	61	0.393	0.889	0.6226	4.09	0.528	1.5347
snarky.jpg	family-1522	#040c01	0.051	24	30	262	0.092	0.800	0.0263	32.49	0.413	0.3831
snarky.jpg	family-9902	#e6e3ae	0.002	7	7	512	0.014	1.000	0.0142	3.22	0.344	0.2849
snarky.jpg	family-9462	#dad583	0.000	4	4	616	0.006	1.000	0.0074	2.19	0.179	0.2456
toxicity.jpg	family-7717	#b29b8b	0.000	6	9	448	0.013	0.667	0.9029	23.75	1.432	17.8418
toxicity.jpg	family-5513	#815a31	0.000	24	727	5571	0.004	0.033	0.8293	85.31	1.132	21.7766
toxicity.jpg	family-4631	#664522	0.000	24	842	9739	0.002	0.029	0.1869	84.53	0.534	11.4866
toxicity.jpg	family-3749	#4c3114	0.000	24	681	7415	0.003	0.035	0.1524	83.28	0.524	8.8367
toxicity.jpg	family-6395	#997042	0.000	24	896	6318	0.004	0.027	0.2410	100.00	0.660	12.0906
toxicity.jpg	family-2867	#351f07	0.001	24	499	5155	0.005	0.048	0.1176	82.81	0.608	6.6182
toxicity.jpg	family-7278	#b8874d	0.001	24	375	4178	0.006	0.064	0.0820	100.00	0.577	5.3540
toxicity.jpg	family-10342	#edebd2	0.265	21	21	77	0.273	1.000	0.2309	37.14	0.701	5.3096
toxicity.jpg	family-1984	#1f0d01	0.006	24	167	1807	0.013	0.144	0.0923	80.00	0.886	3.8647
toxicity.jpg	family-8160	#d2a061	0.002	24	116	1867	0.013	0.207	0.0368	89.10	0.630	2.1890
toxicity.jpg	family-6501	#dd1434	0.150	9	9	58	0.155	1.000	0.7068	4.78	0.419	1.3513
toxicity.jpg	family-9042	#e8bb7a	0.007	23	59	937	0.025	0.390	0.0263	47.76	0.685	0.9949
toxicity.jpg	family-8599	#c6afa1	0.002	22	22	859	0.026	1.000	0.0396	6.29	0.386	0.4680
toxicity.jpg	family-2404	#181f17	0.001	11	12	764	0.014	0.917	0.0161	5.54	0.581	0.4402
toxicity.jpg	family-9903	#ece098	0.003	13	13	467	0.028	1.000	0.0054	12.42	0.478	0.3313
toxicity.jpg	family-1102	#0d0100	0.006	9	9	346	0.026	1.000	0.0038	27.16	0.157	0.1787
toxicity.jpg	family-6835	#9c8170	0.002	5	5	225	0.022	1.000	0.0038	14.90	0.340	0.1357
vvbrown.jpg	family-11245	#ffffff	0.000	4	5	5	0.800	0.800	0.5505	100.00	1.027	37.5978
vvbrown.jpg	family-1543	#080808	0.000	23	31	284	0.081	0.742	1.0000	100.00	3.450	28.2957
vvbrown.jpg	family-2425	#201911	0.003	24	86	2361	0.010	0.279	0.4939	72.74	2.037	5.7625
vvbrown.jpg	family-4610	#584c1c	0.003	24	49	3416	0.007	0.490	0.3718	74.73	1.867	4.5209
vvbrown.jpg	family-3749	#433518	0.003	24	56	2566	0.009	0.429	0.3749	71.64	2.398	4.9262
vvbrown.jpg	family-5493	#6f651d	0.002	22	55	3743	0.006	0.400	0.3096	81.09	2.254	4.0050
vvbrown.jpg	family-6375	#867d22	0.002	23	35	4295	0.005	0.657	0.2567	77.62	1.745	2.8840
vvbrown.jpg	family-9884	#e9e81e	0.078	11	11	122	0.090	1.000	0.2706	29.91	1.006	3.2088
vvbrown.jpg	family-8119	#b4b118	0.001	17	22	1962	0.009	0.773	0.2279	69.99	2.255	2.6358
vvbrown.jpg	family-9002	#cecc08	0.044	23	27	433	0.053	0.852	0.1491	53.00	1.041	1.1956
vvbrown.jpg	family-7258	#9e961a	0.003	22	34	3060	0.007	0.647	0.2038	73.52	1.362	2.3781
vvbrown.jpg	family-10784	#fdfcd0	0.013	15	19	156	0.096	0.789	0.1648	84.76	1.734	0.4479
vvbrown.jpg	family-8580	#c0bb6a	0.000	3	3	2414	0.001	1.000	0.0005	33.56	0.061	0.6132
vvbrown.jpg	family-9462	#d8d584	0.002	21	26	1459	0.014	0.808	0.0064	73.93	1.007	0.4981
vvbrown.jpg	family-10344	#f3f2a0	0.011	6	8	104	0.058	0.750	0.0506	32.51	1.108	0.1480
vvbrown.jpg	family-1100	#040112	0.002	5	5	166	0.030	1.000	0.0018	9.80	0.413	0.0526
ybbb.jpg	family-4253	#83080a	0.000	9	11	39	0.231	0.818	0.9976	100.00	2.152	97.0337
ybbb.jpg	family-1542	#0d0b0e	0.000	12	12	106	0.113	1.000	0.0529	34.65	0.702	1.5004
ybbb.jpg	family-5114	#94311e	0.015	18	18	346	0.052	1.000	0.0674	6.57	0.319	0.4257
ybbb.jpg	family-5996	#ab4f38	0.001	3	3	238	0.013	1.000	0.8257	0.29	0.000	0.2857
ybbb.jpg	family-3350	#5b0c08	0.001	4	4	323	0.012	1.000	0.0374	1.15	0.175	0.1194
ybbb.jpg	family-10343	#f8eeb3	0.483	17	17	30	0.567	1.000	0.4282	2.67	0.825	0.2780
ybbb.jpg	family-2887	#3f1310	0.001	6	6	405	0.015	1.000	0.0092	2.87	1.137	0.1688
ab67616d00001e020003e5	family-1522	#050a06	0.000	15	17	337	0.045	0.882	0.8490	100.00	1.673	56.2522
ab67616d00001e020003e5	family-2404	#121e10	0.021	24	32	718	0.033	0.750	0.2321	100.00	0.790	7.8222
ab67616d00001e020003e5	family-9460	#cfd4c0	0.000	4	6	124	0.032	0.667	0.2156	67.92	1.124	8.6122
ab67616d00001e020003e5	family-8138	#a8b087	0.029	14	19	327	0.043	0.737	0.1633	93.33	1.130	6.4544
ab67616d00001e020003e5	family-3286	#21331b	0.021	24	34	629	0.038	0.706	0.1261	98.00	0.669	4.0989
ab67616d00001e020003e5	family-4148	#344a24	0.010	21	22	416	0.050	0.955	0.1856	100.00	0.825	5.7589
ab67616d00001e020003e5	family-7256	#8f986b	0.020	11	12	324	0.034	0.917	0.3641	23.00	1.052	2.2089
ab67616d00001e020003e5	family-640	#000201	0.003	21	30	1003	0.021	0.700	0.0506	63.36	0.627	3.3844
ab67616d00001e020003e5	family-5030	#496036	0.029	19	19	425	0.045	1.000	0.0824	86.67	0.780	2.5533
ab67616d00001e020003e5	family-6374	#758151	0.008	7	7	361	0.019	1.000	0.2216	30.67	0.653	1.4667
ab67616d00001e020003e5	family-220	#000000	0.003	5	5	145	0.034	1.000	0.0792	1.60	0.349	0.3889
ab67616d0000b2730011c0	family-4606	#2d4a84	0.003	24	124	884	0.027	0.194	0.7602	91.88	1.433	19.8291
ab67616d0000b2730011c0	family-3284	#1e2d4c	0.000	24	157	1383	0.017	0.153	0.6563	99.69	1.421	19.9780
ab67616d0000b2730011c0	family-1962	#0e1317	0.000	24	100	324	0.074	0.240	0.6165	99.69	2.646	15.4297
ab67616d0000b2730011c0	family-5929	#506daf	0.014	24	80	824	0.029	0.300	0.1916	91.59	1.273	6.2593
ab67616d0000b2730011c0	family-10782	#f6fbfe	0.015	15	16	175	0.086	0.938	0.4819	68.50	1.111	4.2734
ab67616d0000b2730011c0	family-2402	#101c34	0.002	24	293	1873	0.013	0.082	0.1056	99.69	1.030	4.7244
ab67616d0000b2730011c0	family-5090	#6e4871	0.096	21	29	190	0.111	0.724	0.1091	99.22	1.220	4.2102
ab67616d0000b2730011c0	family-9921	#e3daeb	0.010	24	126	1305	0.018	0.190	0.0962	69.30	0.826	3.1719
ab67616d0000b2730011c0	family-3349	#561422	0.118	24	40	187	0.128	0.600	0.1548	52.74	0.859	3.7146
ab67616d0000b2730011c0	family-7694	#8d9fc3	0.007	24	97	1890	0.013	0.247	0.1073	74.64	1.152	3.4407
ab67616d0000b2730011c0	family-8576	#a0b8de	0.010	17	25	866	0.020	0.680	0.0391	67.01	1.026	0.9487
ab67616d0000b2730011c0	family-4209	#5e3448	0.038	24	47	505	0.048	0.511	0.0757	82.55	0.960	1.9658
ab67616d0000b2730011c0	family-8157	#b2a6be	0.001	17	27	1643	0.010	0.630	0.0185	53.96	1.108	1.1057
ab67616d0000b2730011c0	family-6812	#7187ac	0.003	24	66	2084	0.012	0.364	0.0175	80.25	1.484	1.5527
ab67616d0000b2730011c0	family-4187	#3c3e64	0.001	16	22	1037	0.015	0.727	0.0083	76.77	1.346	0.6477
ab67616d0000b2730011c0	family-5489	#516485	0.001	15	31	2024	0.007	0.484	0.0077	98.44	1.495	1.1145
ab67616d0000b2730011c0	family-3767	#4a2956	0.017	16	16	512	0.031	1.000	0.1247	34.80	0.958	1.1016
ab67616d0000b2730011c0	family-9904	#f6da5f	0.268	18	18	64	0.281	1.000	0.1502	8.71	0.428	0.6392
ab67616d0000b2730011c0	family-9039	#c7c0d0	0.002	22	38	1723	0.013	0.579	0.0083	50.66	1.052	0.9028
ab67616d0000b2730011c0	family-4608	#424e5c	0.002	21	30	1126	0.019	0.700	0.0033	68.11	0.622	0.7173
ab67616d0000b2730011c0	family-10343	#f8ebb7	0.229	14	14	52	0.269	1.000	0.1218	7.71	0.933	0.4177
ab67616d0000b2730011c0	family-6393	#7c7889	0.001	13	14	1188	0.011	0.929	0.0018	44.35	0.586	0.5427
ab67616d0000b2730011c0	family-7717	#ad9a96	0.002	8	8	469	0.017	1.000	0.0012	34.67	0.852	0.2314
ab67616d0000b2730011c0	family-3748	#47322f	0.001	5	6	226	0.022	0.833	0.0220	12.93	1.050	0.1934
ab67616d0000b2730011c0	family-4652	#74391b	0.054	6	6	70	0.086	1.000	0.0447	9.02	0.665	0.2065
ab67616d0000b2730011c0	family-7296	#ab849f	0.013	11	12	235	0.047	0.917	0.0038	56.61	1.338	0.2522
ab67616d0000b2730011c0	family-1080	#02050a	0.012	6	6	128	0.047	1.000	0.3689	0.48	0.634	0.1377
ab67616d0000b2730011c0	family-5071	#66544a	0.002	8	8	483	0.017	1.000	0.0090	11.37	0.417	0.2515
ab67616d0000b2730011c0	family-5973	#84627a	0.005	11	12	396	0.028	0.917	0.0013	64.96	1.455	0.2395
ab67616d0000b2730011c0	family-9482	#eacda3	0.001	4	4	285	0.014	1.000	0.0917	0.64	0.537	0.1782
ab67616d0000b2730011c0	family-6836	#9f815b	0.011	19	19	465	0.041	1.000	0.0427	5.70	0.367	0.3027
ab67616d0000b2730011c0	family-8601	#dbaf64	0.019	15	15	313	0.048	1.000	0.1245	3.76	0.609	0.3110
ab67616d0000b2730011c0	family-7697	#a8a071	0.002	7	7	419	0.017	1.000	0.0094	6.06	0.428	0.2144
ab67616d0000b2730011c0	family-5933	#787143	0.003	7	7	321	0.022	1.000	0.0291	2.26	0.498	0.1636
ab67616d0000b2730011c0	family-5975	#985e46	0.033	6	6	84	0.071	1.000	0.1392	1.96	0.831	0.1182
ab67616d0000b2730011c0	family-6877	#b86a78	0.111	9	9	48	0.188	1.000	0.0202	10.06	0.641	0.0920
ab67616d0000b2730011c0	family-6458	#c35151	0.403	6	6	10	0.600	1.000	0.0469	1.76	0.292	0.0359
ab67616d0000b273000523	family-10341	#e8ebf0	0.000	19	25	469	0.041	0.760	1.0000	100.00	2.144	77.0571
ab67616d0000b273000523	family-1983	#121117	0.000	24	49	559	0.043	0.490	0.5199	28.44	2.530	6.1389
ab67616d0000b273000523	family-2865	#212330	0.006	16	33	1046	0.015	0.485	0.1166	28.34	1.615	2.0186
ab67616d0000b273000523	family-9459	#d1d4d9	0.004	24	87	1420	0.017	0.276	0.2450	51.21	1.328	4.4233
ab67616d0000b273000523	family-8599	#c5b3b1	0.008	24	79	1467	0.016	0.304	0.1057	46.41	1.325	1.9065
ab67616d0000b273000523	family-6834	#86858b	0.012	23	44	1138	0.020	0.523	0.0926	37.43	1.392	1.9106
ab67616d0000b273000523	family-7717	#b19893	0.008	24	50	1287	0.019	0.480	0.0575	35.14	0.910	1.2683
ab67616d0000b273000523	family-5952	#6f6e74	0.006	23	42	1165	0.020	0.548	0.0339	28.37	0.875	0.8713
ab67616d0000b273000523	family-3726	#33383c	0.009	24	41	1004	0.024	0.585	0.0377	42.33	1.417	1.1021
ab67616d0000b273000523	family-5046	#3853a4	0.143	24	45	72	0.333	0.533	0.0793	5.38	0.067	0.4167
ab67616d0000b273000523	family-1101	#040406	0.004	13	14	498	0.026	0.929	0.0201	18.20	1.005	0.3528
ab67616d0000b273000523	family-5070	#59585e	0.009	24	28	1006	0.024	0.857	0.0292	32.19	0.752	0.8401
ab67616d0000b273000523	family-7783	#fc6c23	0.809	14	14	14	1.000	1.000	0.0324	3.98	0.066	0.1226
ab67616d0000b273000523	family-6942	#f62020	0.819	12	12	12	1.000	1.000	0.0433	2.64	0.045	0.1116
ab67616d0000b273000523	family-6415	#986f6b	0.020	12	12	200	0.060	1.000	0.0080	20.61	0.480	0.1526
ab67616d0000b273000523	family-5533	#805850	0.007	5	5	157	0.032	1.000	0.0068	18.36	0.428	0.1160
ab67616d0000b273000523	family-6370	#5877b8	0.222	10	10	34	0.294	1.000	0.1791	0.52	0.073	0.0945
ab67616d0000b273000523	family-5993	#965096	0.606	15	15	20	0.750	1.000	0.0365	3.77	0.071	0.1343
ab67616d0000b273000523	family-7298	#b7836e	0.040	6	6	65	0.092	1.000	0.0200	5.81	0.796	0.0754
ab67616d0000b273000523	family-5593	#992796	0.553	9	9	13	0.692	1.000	0.1714	0.48	0.051	0.0796
ab67616d0000b273000523	family-10325	#f8f218	0.408	4	4	4	1.000	1.000	0.0147	2.89	0.000	0.0398
ab67616d0000b273000523	family-8555	#6dc6e8	0.317	4	4	5	0.800	1.000	0.1004	0.38	0.000	0.0327
ab67616d0000b273000523	family-8077	#71c343	0.600	5	5	5	1.000	1.000	0.0161	2.90	0.065	0.0415
ab67616d0000b2730009d1	family-220	#000000	0.000	24	58	1075	0.022	0.414	1.0000	27.66	1.504	14.8008
ab67616d0000b2730009d1	family-7212	#15a6a9	0.043	24	52	505	0.048	0.462	0.1496	89.49	0.916	6.6755
ab67616d0000b2730009d1	family-2864	#21203f	0.009	23	107	1420	0.016	0.215	0.1883	72.34	0.924	7.4438
ab67616d0000b2730009d1	family-6941	#ed3358	0.027	24	47	775	0.031	0.511	0.2010	66.41	1.204	7.2688
ab67616d0000b2730009d1	family-661	#010101	0.003	24	183	1757	0.014	0.131	0.1186	83.28	1.196	4.9063
ab67616d0000b2730009d1	family-4230	#662948	0.025	16	19	570	0.028	0.842	0.1179	71.25	0.929	4.0393
ab67616d0000b2730009d1	family-5134	#952a48	0.020	24	53	943	0.025	0.453	0.1980	67.50	0.919	4.4958
ab67616d0000b2730009d1	family-6038	#c42a42	0.013	24	59	1004	0.024	0.407	0.1895	72.19	1.037	5.9756
ab67616d0000b2730009d1	family-8241	#f876b2	0.000	8	8	234	0.034	1.000	0.1170	42.19	0.964	3.2073
ab67616d0000b2730009d1	family-1542	#0a0712	0.004	24	100	2245	0.011	0.240	0.1185	86.56	0.980	3.9829
ab67616d0000b2730009d1	family-7360	#f15481	0.021	17	17	364	0.047	1.000	0.0991	43.59	0.862	2.0120
ab67616d0000b2730009d1	family-10804	#fafafa	0.050	24	56	385	0.062	0.429	0.0710	53.31	0.869	2.3735
ab67616d0000b2730009d1	family-3747	#383643	0.003	24	136	2057	0.012	0.176	0.0877	100.00	0.979	3.2119
ab67616d0000b2730009d1	family-9905	#fbde38	0.039	15	17	290	0.052	0.882	0.1239	21.68	1.371	1.5640
ab67616d0000b2730009d1	family-9901	#dddfd4	0.020	24	51	795	0.030	0.471	0.0933	32.34	0.647	1.4993
ab67616d0000b2730009d1	family-8182	#ee941c	0.038	24	33	488	0.049	0.727	0.1285	48.58	1.323	2.0173
ab67616d0000b2730009d1	family-4629	#514b55	0.006	24	82	1485	0.016	0.293	0.0851	44.40	0.953	1.8123
ab67616d0000b2730009d1	family-4252	#7d0e2f	0.017	24	46	819	0.029	0.522	0.0927	65.73	1.174	1.5356
ab67616d0000b2730009d1	family-7717	#a69b95	0.015	24	46	794	0.030	0.522	0.0411	37.03	0.921	0.9272
ab67616d0000b2730009d1	family-7342	#ed5e0f	0.040	24	39	480	0.050	0.615	0.0647	49.10	1.254	1.3948
ab67616d0000b2730009d1	family-6330	#188c8c	0.015	24	51	983	0.024	0.471	0.0313	88.83	1.128	1.5837
ab67616d0000b2730009d1	family-8599	#c0b6ac	0.021	24	35	786	0.031	0.686	0.0784	32.77	0.684	1.2100
ab67616d0000b2730009d1	family-6480	#dd2e29	0.025	24	36	611	0.039	0.667	0.0341	46.43	0.806	0.8743
ab67616d0000b2730009d1	family-2403	#0f1c24	0.002	23	66	1591	0.014	0.348	0.0210	69.06	1.132	1.2168
ab67616d0000b2730009d1	family-9043	#f7b932	0.032	22	29	448	0.049	0.759	0.0835	25.43	1.396	1.0837
ab67616d0000b2730009d1	family-5511	#675f6a	0.006	24	53	1344	0.018	0.453	0.0311	42.30	0.886	1.0547
ab67616d0000b2730009d1	family-6835	#8f8480	0.014	24	39	964	0.025	0.615	0.0550	37.73	0.796	0.9963
ab67616d0000b2730009d1	family-8093	#1ebfd3	0.017	14	14	450	0.031	1.000	0.0144	48.24	0.873	0.4929
ab67616d0000b2730009d1	family-5469	#1b7075	0.017	24	36	799	0.030	0.667	0.0231	78.72	1.046	0.9514
ab67616d0000b2730009d1	family-2445	#2f0c20	0.031	18	18	411	0.044	1.000	0.0940	26.52	0.763	0.7627
ab67616d0000b2730009d1	family-6438	#bf571a	0.016	17	20	614	0.028	0.850	0.0358	34.39	0.972	0.7451
ab67616d0000b2730009d1	family-5157	#a7000c	0.041	14	14	215	0.065	1.000	0.0590	29.55	1.106	0.6353
ab67616d0000b2730009d1	family-3349	#560e22	0.019	24	42	611	0.039	0.571	0.0397	34.81	1.045	0.7627
ab67616d0000b2730009d1	family-5115	#91380c	0.024	18	18	439	0.041	1.000	0.0577	27.13	1.404	0.8950
ab67616d0000b2730009d1	family-4146	#114c50	0.012	22	33	724	0.030	0.667	0.0094	82.85	0.930	0.6655
ab67616d0000b2730009d1	family-10344	#faee98	0.032	19	21	290	0.066	0.905	0.0196	20.57	0.781	0.3479
ab67616d0000b2730009d1	family-4211	#663111	0.006	9	10	263	0.034	0.900	0.0402	20.59	1.313	0.3701
ab67616d0000b2730009d1	family-7299	#c87e37	0.014	13	13	533	0.024	1.000	0.0202	29.28	0.525	0.4771
ab67616d0000b2730009d1	family-5976	#a15911	0.007	6	6	289	0.021	1.000	0.0075	27.05	0.674	0.1960
ab67616d0000b2730009d1	family-8202	#f68a59	0.002	3	3	214	0.014	1.000	0.0471	4.99	0.144	0.1880
ab67616d0000b2730009d1	family-8976	#68d8d9	0.020	11	11	344	0.032	1.000	0.0187	41.53	0.682	0.4634
ab67616d0000b2730009d1	family-9879	#abebeb	0.048	10	10	125	0.080	1.000	0.0108	38.72	0.825	0.1929
ab67616d0000b2730009d1	family-6898	#cd5d73	0.001	7	7	619	0.011	1.000	0.0033	14.61	0.740	0.2615
ab67616d0000b2730009d1	family-5072	#6e5335	0.004	7	7	373	0.019	1.000	0.0216	3.40	0.549	0.1860
ab67616d0000b2730009d1	family-5954	#856846	0.007	9	9	389	0.023	1.000	0.0096	13.62	0.596	0.2375
ab67616d0000b2730009d1	family-8622	#f0a56c	0.015	7	7	229	0.031	1.000	0.0098	23.88	0.540	0.1807
ab67616d0000b2730009d1	family-9482	#eecca6	0.005	6	6	280	0.021	1.000	0.0103	15.39	1.078	0.1436
ab67616d0000b2730009d1	family-5595	#ab2b66	0.005	4	4	139	0.029	1.000	0.0526	1.83	0.156	0.1099
ab67616d0000b2730009d1	family-7739	#c98d75	0.002	5	5	360	0.014	1.000	0.0031	25.13	0.615	0.1760
ab67616d0000b2730009d1	family-8641	#f19ba6	0.001	4	4	261	0.015	1.000	0.0039	10.36	1.350	0.1436
ab67616d0000b2730009d1	family-6415	#966d69	0.000	3	3	337	0.009	1.000	0.0060	8.26	0.196	0.1335
ab67616d0000b2730009d1	family-7633	#0fb899	0.001	3	3	112	0.027	1.000	0.0298	1.57	0.363	0.0596
ab67616d0000b2730009d1	family-6939	#e33283	0.001	3	3	126	0.024	1.000	0.3367	0.07	0.163	0.0657
ab67616d0000b2730009d1	family-7758	#cd85ab	0.001	3	3	124	0.024	1.000	0.0008	16.36	0.261	0.0542
ab67616d0000b273000150	family-6834	#927f92	0.000	24	446	7134	0.003	0.054	0.7784	100.00	1.698	29.4197
ab67616d0000b273000150	family-5070	#615362	0.000	24	139	3065	0.008	0.173	0.2980	90.00	2.013	11.6233
ab67616d0000b273000150	family-7716	#a997a7	0.000	24	556	11120	0.002	0.043	0.2260	99.53	0.748	13.2449
ab67616d0000b273000150	family-5952	#79687b	0.000	24	317	8821	0.003	0.076	0.0618	92.04	0.543	6.3508
ab67616d0000b273000150	family-8598	#c3b1bf	0.001	24	342	6035	0.004	0.070	0.1910	88.48	0.906	9.9543
ab67616d0000b273000150	family-10783	#fcfef9	0.043	24	69	201	0.119	0.348	0.1585	78.61	0.478	5.8054
ab67616d0000b273000150	family-5551	#824892	0.013	11	11	588	0.019	1.000	0.1398	76.94	0.953	3.6384
ab67616d0000b273000150	family-2865	#23232d	0.099	23	23	213	0.108	1.000	0.1382	46.59	1.096	4.2192
ab67616d0000b273000150	family-9481	#e2cbc5	0.002	24	117	3573	0.007	0.205	0.0567	79.16	0.678	3.2766
ab67616d0000b273000150	family-4188	#4b3f4b	0.005	24	69	1865	0.013	0.348	0.0368	71.28	1.030	1.8401
ab67616d0000b273000150	family-6413	#906b97	0.001	24	86	2783	0.009	0.279	0.0219	67.17	0.583	1.8115
ab67616d0000b273000150	family-8600	#d4af92	0.002	23	72	1800	0.013	0.319	0.2428	20.19	1.309	2.6665
ab67616d0000b273000150	family-7295	#a781b0	0.003	21	28	1792	0.012	0.750	0.0178	65.39	0.610	1.0659
ab67616d0000b273000150	family-10362	#f3e7f3	0.001	15	15	1646	0.009	1.000	0.0154	17.86	0.453	0.7432
ab67616d0000b273000150	family-7718	#ba977b	0.001	22	22	2123	0.010	1.000	0.0540	6.33	0.562	1.0093
ab67616d0000b273000150	family-3769	#542932	0.020	20	22	601	0.033	0.909	0.0672	13.53	0.740	0.9250
ab67616d0000b273000150	family-4651	#6b3e43	0.005	20	23	1025	0.020	0.870	0.0492	22.70	0.505	1.0024
ab67616d0000b273000150	family-6416	#a06c56	0.001	15	16	1030	0.015	0.938	0.1965	5.79	1.249	0.7612
ab67616d0000b273000150	family-8177	#bd9bce	0.007	13	13	501	0.026	1.000	0.0263	9.16	0.389	0.2661
ab67616d0000b273000150	family-10343	#f8eebd	0.033	10	10	132	0.076	1.000	0.0639	2.69	0.369	0.1257
